productname,uom,qty,rate,amount,taxableamt,cgstrate,cgstamt,sgstrate,sgstamt,total,originalrate
671-LT,Nos,14,155,2170,2170,9,195.3,9,195.3,2560.6,155
673-HLA,Nos,1,155,155,155,9,13.95,9,13.95,182.9,155
GIALLO GRENE,Nos,3,230,690,690,9,62.1,9,62.1,814.2,230
CANYON BROWN,Nos,28,475,13300,13300,9,1197,9,1197,15694,475
HERIC GRAFITO-LT,Nos,2,255,510,510,9,45.9,9,45.9,601.8,255
LUST WHITE,Nos,10,670,6700,6700,9,603,9,603,7906,670
1015 B-84,Nos,47,365,17155,17155,9,1543.95,9,1543.95,20242.9,365
400-LT,Nos,5,160,800,800,9,72,9,72,944,160
400-HL,Nos,1,160,160,160,9,14.4,9,14.4,188.8,160
957,Nos,4,165,660,660,9,59.4,9,59.4,778.8,165
E-70,Nos,10,160,1600,1600,9,144,9,144,1888,160
ASPEN WOOD CREMA,Nos,5,697,3485,3485,9,313.65,9,313.65,4112.3,697
REZOLA TUSK,Box,23,880,20240,20240,9,1821.6,9,1821.6,23883.2,880
956-LT,Nos,10,155,1550,1550,9,139.5,9,139.5,1829,155
957,Nos,3,155,465,465,9,41.85,9,41.85,548.7,155
957-DK,Nos,4,155,620,620,9,55.8,9,55.8,731.6,155
958-HL,Nos,2,160,320,320,9,28.8,9,28.8,377.6,160
VETRA LV 40.1(20GM),Nos,6,40,240,240,9,21.6,9,21.6,283.2,40
ARALDITE ST.450GMS,Nos,1,525,525,525,9,47.25,9,47.25,619.5,525
2.1100BH EXPOSED BATH/SHOWER MIXER-3WAY,Box,1,3882,3882,2717.4,9,244.565,9,244.565,3206.53,3882
HSH.3SF SINGLEFLOW HANDSHOWER SET,Box,1,998,998,698.6,9,62.875,9,62.875,824.35,998
CRETA V-3009 WHITE,Box,1,1300,1300,871,9,78.39,9,78.39,1027.78,1300
SPERANZA WHITE,Nos,8,600,4800,4800,9,432,9,432,5664,600
FATHER WHITE,Nos,3,850,2550,2550,9,229.5,9,229.5,3009,850
SIFON GRISS,Nos,3,620,1860,1860,9,167.4,9,167.4,2194.8,620
MYK TIL;E ADHESIVE 305,Nos,23,260,5980,5980,14,837.2,14,837.2,7654.4,260
BONDTITE FEROL PART-A(1KG),Nos,1,420,420,420,9,37.8,9,37.8,495.6,420
BONDTITE FEROLPART-B(800GRM),Nos,1,408,408,408,9,36.72,9,36.72,481.44,408
VETRA LV 40.1(20GM),Nos,17,40,680,680,9,61.2,9,61.2,802.4,40
ALDO V-V-3007 WHITE,Box,1,1510,1510,1510,9,91.055,9,91.055,1193.81,1510
WALL HUNG CASSA V-9019 IVORY,BOX,1,5060,5060,3390.2,9,305.12,9,305.12,4000.44,5060
"CT PANO20"" V-853",BOX,1,1465,1465,1025.5,9,92.295,9,92.295,1210.09,1465
MYK TILE ADHESIVE 290,Nos,13,650,8450,8450,14,1183,14,1183,10816,650
ARALDITE ST.450GMS,Nos,1,542,542,542,9,48.78,9,48.78,639.56,542
WALL HUNG PRIUS V-9010 WHITE,Box,1,5875,5875,3995,9,359.55,9,359.55,4714.1,5875
SARO BROWN,Nos,15,1086,16290,16290,9,1466.1,9,1466.1,19222.2,1086
BALLOT HAYA-LT,Nos,31,510,15810,15810,9,1422.9,9,1422.9,18655.8,510
BALLOT HAYA-DK,Nos,11,510,5610,5610,9,504.9,9,504.9,6619.8,510
MAGNA BAINCO-LT,Nos,10,510,5100,5100,9,459,9,459,6018,510
MAGNA COFFEE-MN1,Nos,1,510,510,510,9,45.9,9,45.9,601.8,510
MYK TIL;E ADHESIVE 305,Nos,2,260,520,520,14,72.8,14,72.8,665.6,260
MYK TILE ADHESIVE 290,Nos,5,660,3300,3300,14,462,14,462,4224,660
VETRA LV 40.1(20GM),Nos,2,40,80,80,9,7.2,9,7.2,94.4,40
SILK DYNA,BOX,20,888,17760,17760,9,1598.4,9,1598.4,20956.8,888
AMADEO BROWN,Nos,1,1178,1178,1178,9,106.02,9,106.02,1390.04,1178
MYK TILE ADHESIVE 290,Nos,1,670,670,670,14,93.8,14,93.8,857.6,670
PERLA V-3006 WHITE,BOX,1,1510,1510,1011.7,9,91.055,9,91.055,1193.81,1510
MULTI FLOW RAINFLOW SHOWER HAS 3MF,Nos,1,1294,1294,854.04,9,76.865,9,76.865,1007.77,1294
LONG BODY BIB COCK-2.5500L,Nos,2,798,1596,1053.36,9,94.8,9,94.8,1242.96,798
DECK MOUNTED SINK COCK 2.1400DC,Nos,1,1484,1484,979.44,9,88.15,9,88.15,1155.74,1484
RAVEN- 745(3.75KG),Nos,1,590,590,590,14,82.6,14,82.6,755.2,590
SP100AB-RESINKIT (1.25KG),Nos,1,2150,2150,2150,14,301,14,301,2752,2150
BATH SHOWER MIXER WITH BEND PIPE- 2.1100B,NOS,1,2992,2034.56,2028.58,9,182.5722,9,182.5722,2393.724,2992
LONG BODY BIB COCK-2.5500L,NOS,2,798,1596,1082.08,9,97.3872,9,97.3872,1276.854,798
BIB COCK-2.5500,Nos,2,648,1296,878.69,9,79.0821,9,79.0821,1036.854,648
ANGLE VALVE-2.1640,Nos,4,498,1992,1350.576,9,121.55,9,121.55,1593.68,498
HSH.3SF SINGLEFLOW HANDSHOWER SET,BOX,1,798,798,541.0439,9,48.695,9,48.695,638.43,798
BIB COCK-2.5500,Nos,1,648,648,439.344,9,39.54,9,39.54,518.43,648
MYK TIL;E ADHESIVE 305,Nos,15,255,3825,3825,14,535.5,14,535.5,4896,255
MYK TILE ADHESIVE 290,Nos,15,575,8625,8625,14,1207.5,14,1207.5,11040,575
VITAL-LT,Nos,5,240,1200,1200,9,108,9,108,1416,240
MYK TIL;E ADHESIVE 305,Nos,4,260,1040,1040,14,145.6,14,145.6,1331.2,260
OLIVER V-6040 WHITE,Box,1,2260,2260,1525.5,9,137.295,9,137.295,1800.09,2260
BIB COCK-2.5500,Nos,1,648,648,437.4,9,39.365,9,39.365,516.13,648
NASRIN V-3004 WHITE,Box,1,1010,1010,681.75,9,61.355,9,61.355,804.46,1010
BALLOT HAYA-LT,Nos,15,515,7725,7725,9,695.25,9,695.25,9115.5,515
BALLOT HAYA-DK,Nos,2,515,1030,1030,9,92.7,9,92.7,1215.4,515
60047-HL,Box,1,515,515,515,1.5,7.725,1.5,7.725,530.45,515
TERA STONE CREMA,Nos,3,710,2130,2130,9,191.7,9,191.7,2513.4,710
PROMI-LT,Nos,18,510,9180,9180,9,826.2,9,826.2,10832.4,510
PRIMO-DÉCOR,Nos,1,510,510,510,9,45.9,9,45.9,601.8,510
COSTER WOOD GREY,Nos,3,900,2700,2700,9,243,9,243,3186,900
MELT MARFIL,BOX,6,300,1800,1800,9,162,9,162,1800,300
1008-GVT,Nos,11,558,6138,6138,9,552.42,9,552.42,7242.84,558
GIALLO GRENE,Nos,4,225,900,900,9,81,9,81,1062,225
TETRA BEIGE,Nos,8,460,3680,3680,9,331.2,9,331.2,4342.4,460
BRIGHT WHITE-644,Nos,4,55,220,220,14,30.8,14,30.8,281.6,55
MYK TIL;E ADHESIVE 305,Nos,15,220,3300,3300,14,462,14,462,4224,220
SAVANA BUFF,Nos,10,1200,12000,12000,9,1080,9,1080,14160,1200
DYANA IVORY,Nos,11,950,10450,10450,9,940.5,9,940.5,12331,950
AMADEO BROWN,Nos,1,1178,1178,1178,9,106.02,9,106.02,1390.04,1178
SPERANZA WHITE,Nos,8,600,4800,4800,9,432,9,432,5664,600
FATHER WHITE,Nos,3,850,2550,2550,9,229.5,9,229.5,3009,850
MYK TIL;E ADHESIVE 305,Nos,30,255,7650,7650,14,1071,14,1071,9792,255
IMELA BAINCO,Nos,15,525,7875,7875,9,708.75,9,708.75,9292.5,525
SIFON GRISS,Nos,6,620,3720,3720,9,334.8,9,334.8,4389.6,620
1024-GVT,Nos,11,527,5797,5797,9,521.73,9,521.73,6840.46,527
SP100AB-RESINKIT (1.25KG),Nos,1,3200,3200,2080,14,291.2,14,291.2,2662.4,3200
RAVEN- 745(3.75KG),Nos,1,880,880,572,14,80.08,14,80.08,732.16,880
SARA GOLD,Nos,13,900,11700,11700,9,1053,9,1053,13806,900
CARIO TUST,Nos,38,682,25916,25916,9,2332.44,9,2332.44,30580.88,682
FATHER WHITE,Nos,38,850,32300,32300,9,2907,9,2907,38114,850
FORINTO BAINCO-LT,Nos,12,510,6120,6120,9,550.8,9,550.8,7221.6,510
FORINTO 60046-HL,Nos,1,510,510,510,9,45.9,9,45.9,601.8,510
MARFIL CREMA,Nos,5,405,2025,2025,9,182.25,9,182.25,2389.5,405
ELITE GIR-LT,Nos,11,510,5610,5610,9,504.9,9,504.9,6619.8,510
ELITE GIR-HL1,Nos,1,510,510,510,9,45.9,9,45.9,601.8,510
HERIC GRAFITO-LT,Nos,14,240,3360,3360,9,302.4,9,302.4,3964.8,240
MYK TIL;E ADHESIVE 305,Nos,4,240,960,960,14,134.4,14,134.4,1228.8,240
BELTON GREY,BOX,26,885,23010,18868.2,9,2070.9,9,2070.9,23010,885
LEVIS-LT,Nos,6,230,1380,1380,9,124.2,9,124.2,1628.4,230
MARFIL CREMA,Nos,37,955,35335,35335,9,3180.15,9,3180.15,41695.3,955
CARIO TUST,Nos,12,680,8160,8160,9,734.4,9,734.4,9628.8,680
LIVANA PEARL,Nos,11,1033,11363,11363,9,1022.67,9,1022.67,13408.34,1033
WALL HUNG PRIDO V-9009 WHITE,Box,1,5655,5655,3817.125,9,343.54,9,343.54,4504.21,5655
"ORISSA PAN23"" V-852 WHITE",Box,1,1615,1615,1090.125,9,98.11,9,98.11,1286.35,1615
MAGNA BAINCO-LT,Nos,9,500,4500,4500,9,405,9,405,5310,500
MELT BIANCO,BOX,5,310,1550,1550,9,139.5,9,139.5,1550,310
SCENERY WHITE,Nos,9,510,4590,4590,9,413.1,9,413.1,5416.2,510
SINGLE FLUSH TANK WHITE,Box,1,1185,1185,805.8,9,72.52,9,72.52,950.84,1185
MYK TIL;E ADHESIVE 305,Nos,3,295,885,885,14,123.9,14,123.9,1132.8,295
HEALTH FUAUCET SET 200.2000,Nos,1,798,798,538.65,9,48.48,9,48.48,635.61,798
TWO WAY BIB COCK -25510,Nos,1,998,998,673.65,9,60.63,9,60.63,794.91,998
GIALLO PEARL,Nos,3,215,645,645,9,58.05,9,58.05,761.1,215
ELENZA ALMAND,Nos,10,725,7250,7250,9,652.5,9,652.5,8555,725
SIFON BAINCO,Nos,15,685,10275,10275,9,924.75,9,924.75,12124.5,685
FLRO V-6037 WHITE,Box,1,2900,2900,1972,9,177.48,9,177.48,2326.96,2900
ORSINO V-3001 WHITE,Box,1,1230,1230,824.1,9,74.17,9,74.17,972.44,1230
GIALLO PEARL,Nos,3,230,690,690,9,62.1,9,62.1,814.2,230
MYK TIL;E ADHESIVE 305,Nos,2,230,460,460,14,64.4,14,64.4,588.8,230
HERICAN TUSK,Nos,23,950,21850,21850,9,1966.5,9,1966.5,25783,950
CLARA V-3010 WHITE,Box,1,1465,1465,1010.85,9,90.975,9,90.975,1192.8,1465
ASPEN WOOD CREMA,Nos,3,700,2100,2100,9,189,9,189,2478,700
MARLIN GRIESS,Nos,13,850,11050,11050,9,994.5,9,994.5,13039,850
SIFON BAINCO,Nos,7,650,4550,4550,9,409.5,9,409.5,5369,650
VIVID BROWN,BOX,9,490,4410,3616.2,9,396.9,9,396.9,4410,490
CANYON BROWN,Nos,18,490,8820,8820,9,793.8,9,793.8,10407.6,490
GIALLO PEARL,Nos,3,290,870,870,9,78.3,9,78.3,1026.6,290
SPERENZA WHITE PLUS,BOX,37,605,22385,22385,9,2014.65,9,2014.65,26414.3,605
SPERANZA GREY,Nos,54,605,32670,32670,9,2940.3,9,2940.3,38550.6,605
MELT BIANCO,BOX,3,300,900,900,9,81,9,81,1062,300
LEMORIAN BAINCO,Nos,11,1010,11110,11110,9,999.9,9,999.9,13109.8,1010
SIFON BAINCO,Nos,9,635,5715,5715,9,514.35,9,514.35,6743.7,635
FORINTO 60046-HL,Nos,1,510,510,510,9,45.9,9,45.9,601.8,510
MELT BROWN,BOX,4,313,1252,1252,9,112.68,9,112.68,1477.36,313
PROMI-LT,Nos,4,510,2040,2040,9,183.6,9,183.6,2407.2,510
HEVAN WOOD BROWN,Nos,14,485,6790,6790,9,611.1,9,611.1,8012.2,485
GIALLO GRENE,Nos,4,235,940,940,9,84.6,9,84.6,1109.2,235
ASTRA TUSK-LT,Nos,2,510,1020,1020,9,91.8,9,91.8,1203.6,510
SPERENZA WHITE PLUS,BOX,11,610,6710,6710,9,603.9,9,603.9,7917.8,610
MYK TIL;E ADHESIVE 305,Nos,9,235,2115,2115,9,190.35,9,190.35,2495.7,235
MYK TILE ADHESIVE 290,Nos,27,550,14850,14850,9,1336.5,9,1336.5,17523,550
ALBASTER BISQU,Nos,27,1300,35100,35100,9,3159,9,3159,41418,1300
NESTER SHIFON,Nos,9,2173,19557,19557,9,1760.13,9,1760.13,23077.26,2173
SIFON TUSK,Nos,5,620,3100,3100,9,279,9,279,3658,620
SIFON GRISS,Nos,4,620,2480,2480,9,223.2,9,223.2,2926.4,620
SISOM COPPER,Nos,5,1100,5500,5500,9,495,9,495,6490,1100
MAGNIFICIENT MARFIL,Nos,7,700,4900,4900,9,441,9,441,5782,700
CANYON BROWN,Nos,9,485,4365,4365,9,392.85,9,392.85,5150.7,485
BISTRO BEIGE,Box,10,480,4800,4800,9,432,9,432,5664,480
LINER CEMENTO,Nos,9,480,4320,4320,9,388.8,9,388.8,5097.6,480
GIALLO PEARL,Nos,7,230,1610,1610,9,144.9,9,144.9,1899.8,230
SPERENZA WHITE PLUS,BOX,32,605,19360,19360,9,1742.4,9,1742.4,22844.8,605
GALLANA-LT,Nos,1,225,225,225,9,20.25,9,20.25,265.5,225
GALLANA FLOWER,Nos,1,225,225,225,9,20.25,9,20.25,265.5,225
ELITE GIR-LT,Nos,8,320,2560,2560,9,230.4,9,230.4,3020.8,320
TARVENTHO CREMA,Nos,3,1071,3213,3213,9,289.17,9,289.17,3791.34,1071
GIALLO GRENE,Nos,4,230,920,920,9,82.8,9,82.8,1085.6,230
ASTRA TUSK-LT,Nos,8,510,4080,4080,9,367.2,9,367.2,4814.4,510
GALLANA-LT,Nos,40,225,9000,9000,9,810,9,810,10620,225
GALLANA FLOWER,Nos,4,225,900,900,9,81,9,81,1062,225
BISTRO GREY,Nos,5,485,2425,2425,9,218.25,9,218.25,2861.5,485
MELT MARFIL,BOX,4,305,1220,1220,9,109.8,9,109.8,1439.6,305
LUST CHOCO,Nos,4,736,2944,2944,9,264.96,9,264.96,3473.92,736
BEOLO TUSK,Nos,38,963,36594,36594,9,3293.46,9,3293.46,43180.92,963
HERICAN TUSK,Nos,15,975,14625,14625,9,1316.25,9,1316.25,17257.5,975
ARALDITE HV953 HARDNER(800GM),Nos,1,415.2542,415.2542,415.2542,9,37.3729,9,37.3729,490,490
ARALDITE AW106 RESIN(1KG),Nos,1,745,745,745,9,67.05,9,67.05,879.1,745
ZENITH AZUL,BOX,13,437.2881,5684.7458,5684.7456,9,511.6271,9,511.6271,6707.9998,516
LONG BODY BIB COCK-2.5500L,NOS,2,676.2712,1352.5424,912.9661,9,82.16695,9,82.16695,1077.3,798
E-70,Nos,8,160,1280,1280,9,115.2,9,115.2,1510.4,160
400-LT,Nos,7,160,1120,1120,9,100.8,9,100.8,1321.6,160
WALL HUNG CASSA V-9019 WHITE,BOX,3,3728.8135,11186.4407,10067.7964,9,906.1017,9,906.1017,11880.0002,4400
SILVIO V-6007 WHITE,BOX,2,1080.5084,2161.0169,1944.9151,9,175.04235,9,175.04235,2294.9997,1275
PERLA V-3006 WHITE,BOX,1,1279.661,1279.661,1151.6949,9,103.65255,9,103.65255,1359,1510
HEALTH FUAUCET SET 200.2000,NOS,3,676.2712,2028.8136,1825.9322,9,164.3339,9,164.3339,2154.6,798
TWO WAY BIB COCK -25510,Nos,3,845.7627,2537.2881,2283.5593,9,205.52035,9,205.52035,2694.6,998
PILLER TAP-2.2500,Nos,3,845.7627,2537.2881,2283.5593,9,205.52035,9,205.52035,2694.6,998
SP 100YFWASTE COUPLING FULL THREAD,NOS,3,422.0339,1266.1017,1139.4915,9,102.55425,9,102.55425,1344.6,498
BOTTLE TRAP-SP801,Nos,3,845.7627,2537.2881,2283.5593,9,205.52035,9,205.52035,2694.6,998
200.7000.32 FLUSH VALVE,BOX,3,2789.8304,8369.4915,7532.5421,9,677.9288,9,677.9288,8888.3995,3292
ANGLE VALVE-2.1640,NOS,3,422.0339,1266.1017,1139.4915,9,102.55425,9,102.55425,1344.6,498
FASNER RACK,BOX,3,381.3559,1144.0678,1029.6609,9,92.6695,9,92.6695,1214.9999,450
LT,NOS,50,199.1525,9957.6271,9957.627,9,896.18645,9,896.18645,11749.9999,235
DK,NOS,12,199.1525,2389.8305,2389.8306,9,215.08475,9,215.08475,2820.0001,235
PARMA GREY,NOS,9,288.1356,2593.2203,2593.2202,9,233.3898,9,233.3898,3059.9998,340
ALDO V-V-3007 WHITE,Box,1,1510,1510,1026.8,9,92.41,9,92.41,1211.62,1510
TIRIYA SPM,BOX,4,315,1260,1260,9,113.4,9,113.4,1486.8,315
TIRIYA LT,BOX,17,315,5355,5355,9,481.95,9,481.95,6318.9,315
MELT MARFIL,BOX,5,315,1575,1575,9,141.75,9,141.75,1858.5,315
OLIVER V-6040 WHITE,Box,2,2260,4520,3073.6,9,276.625,9,276.625,3626.85,2260
BELTON TUST,Nos,31,682,21142,21142,9,1902.78,9,1902.78,24947.56,682
998-LT,Nos,11,160,1760,1760,9,158.4,9,158.4,2076.8,160
998-HL,Nos,4,160,640,640,9,57.6,9,57.6,755.2,160
MYK TIL;E ADHESIVE 305,Nos,10,225,2250,2250,9,202.5,9,202.5,2655,225
SPERANZA CORAL,Nos,16,589,9424,9424,9,848.16,9,848.16,11120.32,589
JAVEA BEIGE,BOX,43,241,10363,10363,9,932.67,9,932.67,12228.34,241
JAVEA BEIGE HL,BOX,7,241,1687,1687,9,151.83,9,151.83,1990.66,241
BALLOT HAYA-LT,Nos,7,510,3570,3570,9,321.3,9,321.3,4212.6,510
BALLOT HAYA-DK,Nos,3,510,1530,1530,9,137.7,9,137.7,1805.4,510
60047-HL,Box,1,1800,1800,1800,9,162,9,162,2124,1800
MELT MARFIL,BOX,15,320,4800,4800,9,432,9,432,5664,320
SATUTURIO,Nos,5,625,3125,3125,9,281.25,9,281.25,3687.5,625
BALLOT HAYA-LT,Nos,15,515,7725,7725,9,695.25,9,695.25,9115.5,515
BALLOT HAYA-DK,Nos,2,515,1030,1030,9,92.7,9,92.7,1215.4,515
60047-HL,Box,1,515,515,515,9,46.35,9,46.35,607.7,515
TERA STONE CREMA,Nos,3,710,2130,2130,9,191.7,9,191.7,2513.4,710
PROMI-LT,Nos,18,510,9180,9180,9,826.2,9,826.2,10832.4,510
PRIMO-DÉCOR,Nos,1,510,510,510,9,45.9,9,45.9,601.8,510
COSTER WOOD GREY,Nos,3,900,2700,2700,9,243,9,243,3186,900
MELT MARFIL,BOX,6,300,1800,1476,9,162,9,162,1800,300
NIRALI GRACE PLAIN BIG 21X18,NOS,2,3262.7119,6525.4237,6525.4238,9,587.28815,9,587.28815,7700.0001,3850
PARMA GREY,NOS,5,288.1356,1440.678,1440.678,9,129.661,9,129.661,1700,340
HERICAN TUSK,Nos,38,930,35340,35340,9,3180.6,9,3180.6,41701.2,930
OLIVE BR LT,BOX,16,315,5040,5040,9,453.6,9,453.6,5947.2,315
OLIVE BR HL,BOX,5,315,1575,1575,9,141.75,9,141.75,1858.5,315
OLIVE BR DK,BOX,3,315,945,945,9,85.05,9,85.05,1115.1,315
SIFON BAINCO,Nos,3,620,1860,1860,9,167.4,9,167.4,2194.8,620
LUST WHITE,Nos,2,720,1440,1440,9,129.6,9,129.6,1699.2,720
BIRD CONCEPTTABLE TOP AR-1,BOX,1,6445,6445,4704.85,9,423.435,9,423.435,5551.72,6445
PARMA GREY,NOS,5,194.9153,974.5763,974.5763,9,87.71185,9,87.71185,1150,230
671-LT,Nos,11,165,1815,1815,9,163.35,9,163.35,2141.7,165
673-HLB,Nos,1,165,165,165,9,14.85,9,14.85,194.7,165
998-LT,Nos,11,165,1815,1815,9,163.35,9,163.35,2141.7,165
998-HL,Nos,1,165,165,165,9,14.85,9,14.85,194.7,165
CARYSIL 21X18 SALSA NERA,NOS,1,6075,6075,5133.375,9,462.005,9,462.005,6057.38,6075
BLACK POTRO,BOX,2,1150,2300,2300,9,207,9,207,2714,1150
HERICAN TUSK,Nos,35,928,32480,32480,9,2923.2,9,2923.2,38326.4,928
TORANTO TUSK,BOX,13,935,12155,12155,9,1093.95,9,1093.95,14342.9,935
KILOS TUSK,Nos,20,620,12400,12400,9,1116,9,1116,14632,620
HERICAN TUSK,Nos,11,935,10285,10285,9,925.65,9,925.65,12136.3,935
HERICAN TUSK,Nos,11,930,10230,10230,9,920.7,9,920.7,12071.4,930
MYK TIL;E ADHESIVE 305,Nos,1,235,235,235,9,21.15,9,21.15,277.3,235
MYK TILE ADHESIVE 290,Nos,11,555,6105,6105,9,549.45,9,549.45,7203.9,555
GALLANA-LT,Nos,2,230,460,460,9,41.4,9,41.4,542.8,230
BISTRO GREY,Nos,3,480,1440,1440,9,129.6,9,129.6,1699.2,480
NIRALI GRACE PLAIN BIG 21X18,NOS,1,3220.339,3220.339,2720.382,9,244.8344,9,244.8344,3210.051,3800
"LETIZIA ""S & P"" TRAP WHITE",Box,1,3520,3520,2376,9,213.84,9,213.84,2803.68,3520
SEAT COVER LETIZIA WHITE ,Box,1,1400,1400,994,9,89.46,9,89.46,1172.92,1400
SPERANZA WHITE,Nos,1,605,605,605,9,54.45,9,54.45,713.9,605
GIALLO PEARL,Nos,1,180,180,180,9,16.2,9,16.2,212.4,180
MYK TIL;E ADHESIVE 305,Nos,52,225,11700,11700,9,1053,9,1053,13806,225
SATUTURIO,Nos,7,635,4445,4445,9,400.05,9,400.05,5245.1,635
SPERANZA GREY,Nos,29,600,17400,17400,9,1566,9,1566,20532,600
TARVENTHO PEARL,Nos,11,1075,11825,11825,9,1064.25,9,1064.25,13953.5,1075
SIFON GRISS,Nos,13,620,8060,8060,9,725.4,9,725.4,9510.8,620
ASTRA TUSK-LT,Nos,8,510,4080,4080,9,367.2,9,367.2,4814.4,510
987-LT,Nos,16,165,2640,2640,9,237.6,9,237.6,3115.2,165
987-HL,Nos,1,165,165,165,9,14.85,9,14.85,194.7,165
987-DK,Nos,7,165,1155,1155,9,103.95,9,103.95,1362.9,165
COSTER WOOD COPPER,Nos,17,635,10795,10795,9,971.55,9,971.55,12738.1,635
MYK TIL;E ADHESIVE 305,NOS,27,225,6075,6075,9,546.75,9,546.75,7168.5,225
MYK TILE ADHESIVE 290,Nos,22,555,12210,12210,9,1098.9,9,1098.9,14407.8,555
SPERENZA WHITE PLUS,BOX,29,605,17545,17545,9,1579.05,9,1579.05,20703.1,605
BELTON TUST,Nos,19,680,12920,12920,9,1162.8,9,1162.8,15245.6,680
MERADIAN BROWN,BOX,6,266.9492,1601.695,1601.695,9,144.1526,9,144.1526,1890,315
GALLANA-LT,Nos,20,230,4600,4600,9,414,9,414,5428,230
GALLANA FLOWER,Nos,4,230,920,920,9,82.8,9,82.8,1085.6,230
MELT MARFIL,BOX,4,315,1260,1260,9,113.4,9,113.4,1486.8,315
VITAL-LT,Nos,13,255,3315,3315,9,298.35,9,298.35,3911.7,255
OXIDO-LT,Nos,6,510,3060,3060,9,275.4,9,275.4,3610.8,510
OXIDO-MN,Nos,3,510,1530,1530,9,137.7,9,137.7,1805.4,510
OXIDO TREE,Nos,1,510,510,510,9,45.9,9,45.9,601.8,510
BISTRO  VERDE,BOX,10,490,4900,4900,9,441,9,441,5782,490
SISOM COPPER,NOS,19,1215,23085,23085,9,1760.72,9,1760.72,23085,1215
MERANTI WOOD WEAGE,Nos,25,736,18400,18400,9,1403.39,9,1403.39,18400,736
SISOM BEIGE,BOX,29,1215,35235,35235,9,2687.415,9,2687.415,35235,1215
BALLOT HAYA-LT,Nos,7,510,3570,3570,9,321.3,9,321.3,4212.6,510
BALLOT HAYA-DK,Nos,2,510,1020,1020,9,91.8,9,91.8,1203.6,510
60047-HL,Box,1,510,510,510,9,45.9,9,45.9,601.8,510
OXIDO-LT,Nos,6,505,3030,3030,9,272.7,9,272.7,3575.4,505
OXIDO-MN,Nos,4,505,2020,2020,9,181.8,9,181.8,2383.6,505
OXIDO TREE,Nos,1,505,505,505,9,45.45,9,45.45,595.9,505
MELT BROWN,BOX,3,315,945,945,9,85.05,9,85.05,1115.1,315
MURAL COPPER,Nos,14,1020,14280,14280,9,1285.2,9,1285.2,16850.4,1020
MOLENIUS DOVE,BOX,17,737.2883,12533.9,12533.9,9,1128.051,9,1128.051,14790,870
IMELA BAINCO,Nos,10,962,9620,9620,9,865.8,9,865.8,11351.6,962
MELT MARFIL,BOX,30,315,9450,9450,9,850.5,9,850.5,11151,315
ASTRA TUSK-LT,Nos,8,510,4080,4080,9,367.2,9,367.2,4814.4,510
HERICAN TUSK,NOS,40,1016.949,40677.96,40677.96,9,3661.017,9,3661.017,47999.99,1200
ASTRA TUSK-LT,Nos,8,510,4080,4080,9,367.2,9,367.2,4814.4,510
VISTA BROWN,BOX,35,315,11025,11025,9,992.25,9,992.25,13009.5,315
SILVIO V-6007 WHITE,BOX,3,2900,8700,5872.5,9,528.525,9,528.525,6929.55,2900
CLARA V-3010 WHITE,Box,1,1465,1465,988.875,9,89,9,89,1166.87,1465
1008,Nos,50,403,20150,20150,9,1813.5,9,1813.5,23777,403
894-HL,Nos,8,160,1280,1280,9,115.2,9,115.2,1510.4,160
895-HL,Nos,3,160,480,480,9,43.2,9,43.2,566.4,160
E-72,Nos,29,165,4785,4785,9,430.65,9,430.65,5646.3,165
CARYSIL 21X18 SALSA CORNFLKES,NOS,1,4800,4800,4416,9,397.44,9,397.44,5210.88,4800
OLIVER V-6040 WHITE,BOX,1,2260,2260,1525.5,9,137.295,9,137.295,1800.09,2260
ZUCCA V-6015 WHITE,Box,1,2900,2900,1957.5,9,176.175,9,176.175,2309.85,2900
MYK TILE ADHESIVE 290,Nos,10,560,5600,5600,9,504,9,504,6608,560
MARVIT NATURAL,BOX,13,315,4095,4095,9,368.55,9,368.55,4832.1,315
TORANTO TUSK,BOX,2,930,1860,1860,9,167.4,9,167.4,2194.8,930
SQUARE WHITE SPM,BOX,10,436,4360,4360,9,392.4,9,392.4,5144.8,436
SQUARE NERO SPM,BOX,2,436,872,872,9,78.48,9,78.48,1028.96,436
SQUARE GRAY SPM ,BOX,2,436,872,872,9,78.48,9,78.48,1028.96,436
SIFON BAINCO,Nos,2,630,1260,1260,9,113.4,9,113.4,1486.8,630
TORANTO TUSK,BOX,15,930,13950,13950,9,1255.5,9,1255.5,16461,930
SPERENZA WHITE PLUS,BOX,21,620,13020,13020,9,1171.8,9,1171.8,15363.6,620
SIFON GRISS,Nos,4,630,2520,2520,9,226.8,9,226.8,2973.6,630
"ANGLO INDIAN ""S""",BOX,1,2945,2945,1987.875,9,178.91,9,178.91,2345.69,2945
ANGLO SEAT COVER VC-612 WHITE ,BOX,1,650,650,474.5,9,42.705,9,42.705,559.91,650
FATHER WHITE,Nos,11,850,9350,9350,9,841.5,9,841.5,11033,850
CANYON BROWN,Nos,10,490,4900,4900,9,441,9,441,5782,490
HERICAN TUSK,NOS,3,930,2790,2790,9,251.1,9,251.1,3292.2,930
KILOS TUSK,Nos,3,625,1875,1875,9,168.75,9,168.75,2212.5,625
ELENZA ALMAND,Nos,2,759,1518,1518,9,136.62,9,136.62,1791.24,759
E-72,Nos,8,200,1600,1600,9,144,9,144,1888,200
E-70,NOS,2,33,66,66,9,5.94,9,5.94,77.88,33
MARFIL CREMA,NOS,12,903.39,10840.68,10840.68,9,975.661,9,975.661,12792,1066
ESSENZA BEIGE,Nos,14,1205,16870,16870,9,1518.3,9,1518.3,19906.6,1205
ELENZA ALMAND,Nos,2,720,1440,1440,9,129.6,9,129.6,1699.2,720
TEAGAN HL,BOX,2,325,650,650,9,58.5,9,58.5,767,325
VITAL-LT,Nos,1,240,240,240,9,21.6,9,21.6,283.2,240
SQUARE WHITE SPM,BOX,1,325,325,325,9,29.25,9,29.25,383.5,325
ARALDITE ST.450GMS,Nos,1,520,520,520,9,46.8,9,46.8,613.6,520
White-12x12,Nos,2,260,520,520,9,46.8,9,46.8,613.6,260
TETRA BEIGE,Nos,3,490,1470,1470,9,132.3,9,132.3,1734.6,490
PARMA BEIGN,Nos,4,230,920,920,9,82.8,9,82.8,1085.6,230
ASTRA TUSK-LT,Nos,5,515,2575,2575,9,231.75,9,231.75,3038.5,515
ASTRA TUSK-MN1,Nos,1,510,510,510,9,45.9,9,45.9,601.8,510
PROMI-LT,BOX,10,515,5150,5150,9,463.5,9,463.5,6077,515
PRIMO-DÉCOR,Nos,3,515,1545,1545,9,139.05,9,139.05,1823.1,515
PRIMO-DK,Nos,3,515,1545,1545,9,139.05,9,139.05,1823.1,515
SIFON BAINCO,Nos,5,620,3100,3100,9,279,9,279,3658,620
WOOD GRIESS-LT,Nos,11,230,2530,2530,9,227.7,9,227.7,2985.4,230
WOOD GRIESS-MN,Nos,2,230,460,460,9,41.4,9,41.4,542.8,230
WOOD GRISS DK (T),BOX,4,194.9153,779.661,779.661,9,70.1695,9,70.1695,920,230
1008,Nos,80,408,32640,32640,9,2937.6,9,2937.6,38515.2,408
E-70,NOS,16,200,3200,3200,9,288,9,288,3776,200
E-72,Nos,2,33,66,66,9,5.94,9,5.94,77.88,33
SPERANZA WHITE,Nos,6,605,3630,3630,9,326.7,9,326.7,4283.4,605
PARMA GREY,NOS,4,194,776,776,9,69.84,9,69.84,915.68,194
12011,NOS,19,160,3040,3040,9,273.6,9,273.6,3587.2,160
1008-GVT,Nos,12,390,4680,4680,9,421.2,9,421.2,5522.4,390
BALLOT HAYA-LT,NOS,35,423.7289,14830.51,14830.51,9,1334.746,9,1334.746,17500,500
BALLOT HAYA-DK,Nos,11,423.7288,4661.017,4661.017,9,419.4915,9,419.4915,5500,500
MAGNA BAINCO-LT,Nos,13,423.7289,5508.475,5508.475,9,495.7628,9,495.7628,6500,500
MAGNA BAINCO-MN2,NOS,2,423.7288,847.4576,847.4576,9,76.2712,9,76.2712,1000,500
COTTAGE WOOD COPPER,Nos,13,508.4745,6610.169,6610.169,9,594.915,9,594.915,7799.999,600
SIFON BAINCO,Nos,11,516.1017,5677.119,5677.119,9,510.9405,9,510.9405,6699,609
MYK TIL;E ADHESIVE 305,NOS,2,288.1356,576.2712,576.2712,9,51.8644,9,51.8644,680,340
TARVENTHO PEARL,NOS,2,932.2035,1864.407,1864.407,9,167.7966,9,167.7966,2200,1100
SIFON BAINCO,Nos,5,538.1356,2690.678,2690.678,9,242.161,9,242.161,3175,635
SATUTURIO,Nos,10,620,6200,6200,9,558,9,558,7316,620
BEOLO TUSK,Nos,10,1085,10850,10850,9,976.5,9,976.5,12803,1085
MYK TIL;E ADHESIVE 305,NOS,25,325,8125,8125,9,731.25,9,731.25,9587.5,325
SARO BROWN,Nos,20,1080,21600,21600,9,1944,9,1944,25488,1080
OXIDO-LT,Nos,7,510,3570,3570,9,321.3,9,321.3,4212.6,510
OXIDO-MN,Nos,5,510,2550,2550,9,229.5,9,229.5,3009,510
OLIVE BR LT,BOX,14,310,4340,4340,9,390.6,9,390.6,5121.2,310
OLIVE BR HL,BOX,1,310,310,310,9,27.9,9,27.9,365.8,310
MELT BROWN,BOX,8,315,2520,2520,9,226.8,9,226.8,2973.6,315
SARO BROWN,Nos,13,1085,14105,14105,9,1269.45,9,1269.45,16643.9,1085
HERICAN TUSK,NOS,32,935,29920,29920,9,2692.8,9,2692.8,35305.6,935
MARVEL WHITE,BOX,30,903.39,27101.7,27101.7,9,2439.153,9,2439.153,31980.01,1066
MYK TIL;E ADHESIVE 305,NOS,25,296.6102,7415.254,7415.254,9,667.373,9,667.373,8750,350
MERANTI WOOD WEAGE,NOS,36,620,22320,22320,9,2008.8,9,2008.8,26337.6,620
SISOM COPPER,NOS,21,970,20370,20370,9,1833.3,9,1833.3,24036.6,970
SISOM COPPER,NOS,28,960,26880,26880,9,2419.2,9,2419.2,31718.4,960
MYK TIL;E ADHESIVE 305,NOS,7,320,2240,2240,9,201.6,9,201.6,2643.2,320
SPIRO DOVE,BOX,27,1131,30537,30537,9,2748.33,9,2748.33,36033.66,1131
STEFANO PEARL,BOX,2,2139,4278,4278,9,385.02,9,385.02,5048.04,2139
ARORA NERO,BOX,3,2139,6417,6417,9,577.53,9,577.53,7572.06,2139
FEATHER WHITE,NOS,6,820,4920,4920,9,442.8,9,442.8,5805.6,820
HERIC GRAFITO-LT,Nos,10,250,2500,2500,9,225,9,225,2950,250
HERIC GRAFITO-DK,Nos,4,250,1000,1000,9,90,9,90,1180,250
WALL HUNG PRIMA V-9001 WHITE,Box,1,6790,6790,4583.25,9,412.49,9,412.49,5408.23,6790
ROSSA V-6013 WHITE,Box,1,4310,4310,2909.25,9,261.83,9,261.83,3432.92,4310
INOX BIANCO,BOX,33,1131,37323,37323,9,3359.07,9,3359.07,44041.14,1131
SARA GOLD,Nos,10,960,9600,9600,9,864,9,864,11328,960
MYK TIL;E ADHESIVE 305,NOS,30,325,9750,9750,9,877.5,9,877.5,11505,325
SPIRO ALBASTER,BOX,7,1131,7917,7917,9,712.53,9,712.53,9342.06,1131
GALLANA-LT,Nos,1,230,230,230,9,20.7,9,20.7,271.4,230
998-LT,Nos,7,160,1120,1120,9,100.8,9,100.8,1321.6,160
MYK TIL;E ADHESIVE 305,NOS,15,330,4950,4950,9,445.5,9,445.5,5841,330
1008,Nos,42,408,17136,17136,9,1542.24,9,1542.24,20220.48,408
1008-GVT,Nos,23,408,9384,9384,9,844.56,9,844.56,11073.12,408
MARVIT NATURAL,BOX,8,315,2520,2520,9,226.8,9,226.8,2973.6,315
SPIRO ALBASTER,BOX,12,1131,13572,13572,9,1221.48,9,1221.48,16014.96,1131
FEATHER WHITE,NOS,6,800,4800,4800,9,432,9,432,5664,800
MYK TIL;E ADHESIVE 305,NOS,45,320,14400,14400,9,1296,9,1296,16992,320
MARLIN GRIESS,Nos,16,749,11984,11984,9,1078.56,9,1078.56,14141.12,749
"SEAT COVER ""S & P"" TRAP IVORY",Box,1,650,650,487.5,9,43.875,9,43.875,575.25,650
"EWC ""P""TRAP V-952 IVORY",Box,1,1870,1870,1262.25,9,113.605,9,113.605,1489.45,1870
SINGLE FLUSH TANK IVORY,Box,1,1185,1185,888.75,9,79.99,9,79.99,1048.72,1185
FS06002 HEALTH FAUCET ABS BODY WITH WALL HOOK AND PVC CHROME HOSE PIPE,NOS,1,675,675,438.75,9,39.4875,9,39.4875,517.725,675
FF02005 BIB COCK 2WAY,NOS,1,1075,1075,698.75,9,62.89,9,62.89,824.53,1075
FA05008 PROJECT ANGLE VALVE LEVER TYPE,NOS,1,395,395,256.75,9,23.11,9,23.11,302.96,395
WOOD GRIESS-LT,Nos,2,260,520,520,9,46.8,9,46.8,613.6,260
PROMI-LT,BOX,1,510,510,510,9,45.9,9,45.9,601.8,510
KRESTONE GREY,BOX,100,356,35600,35600,9,3204,9,3204,42008,356
OLIVER V-6040 WHITE,BOX,1,2260,2260,1525.5,9,137.295,9,137.295,1800.09,2260
SILVIO V-6007 WHITE,BOX,1,2900,2900,1957.5,9,176.175,9,176.175,2309.85,2900
MELT BROWN,BOX,2,315,630,630,9,56.7,9,56.7,743.4,315
OLIVE BR LT,BOX,13,310,4030,4030,9,362.7,9,362.7,4755.4,310
OLIVE BR DK,BOX,5,310,1550,1550,9,139.5,9,139.5,1829,310
OXIDO-LT,Nos,7,510,3570,3570,9,321.3,9,321.3,4212.6,510
OXIDO TREE,Nos,1,510,510,510,9,45.9,9,45.9,601.8,510
OXIDO-MN,Nos,3,510,1530,1530,9,137.7,9,137.7,1805.4,510
982-LT,Nos,12,160,1920,1920,9,172.8,9,172.8,2265.6,160
982-HL,Nos,4,160,640,640,9,57.6,9,57.6,755.2,160
982-DK,Nos,4,160,640,640,9,57.6,9,57.6,755.2,160
GIALLO PEARL,Nos,9,230,2070,2070,9,186.3,9,186.3,2442.6,230
CANYON BROWN,NOS,10,510,5100,5100,9,459,9,459,6018,510
KRESTONE GREY,BOX,25,356,8900,8900,9,801,9,801,10502,356
MARVEL WHITE,BOX,16,1066,17056,17056,9,1535.04,9,1535.04,20126.08,1066
ORNATO CHOCO,BOX,9,315,2835,2835,9,255.15,9,255.15,3345.3,315
SATUTURIO,Nos,8,635,5080,5080,9,457.2,9,457.2,5994.4,635
SIFON GRISS,Nos,1,610,610,610,9,54.9,9,54.9,719.8,610
E-72,Nos,2,160,320,320,9,28.8,9,28.8,377.6,160
1008,Nos,5,387,1935,1935,9,174.15,9,174.15,2283.3,387
MYK TIL;E ADHESIVE 305,NOS,10,325,3250,3250,9,292.5,9,292.5,3835,325
12057,Nos,6,160,960,960,9,86.4,9,86.4,1132.8,160
HERICAN TUSK,NOS,16,953,15248,15248,9,1372.32,9,1372.32,17992.64,953
AMADEO BROWN,NOS,1,1178,1178,1178,9,106.02,9,106.02,1390.04,1178
"LETIZIA ""S & P"" TRAP WHITE",Box,1,3700,3700,2497.5,9,224.775,9,224.775,2947.05,3700
SEAT COVER LETIZIA WHITE ,Box,1,1480,1480,1080.4,9,97.235,9,97.235,1274.87,1480
"EWC ""S""TRAP V-951 WHITE",Box,1,1715,1715,1157.625,9,104.185,9,104.185,1366,1715
SEAT COVER EUREKAVC-775 IVORY,Box,1,1375,1375,1003.75,9,90.34,9,90.34,1184.43,1375
SINGLE FLUSH TANK WHITE,Box,1,1185,1185,865.05,9,77.855,9,77.855,1020.76,1185
KRESTONE GREY,BOX,19,356,6764,6764,9,608.76,9,608.76,7981.52,356
TIRIYA LT,BOX,12,310,3720,3720,9,334.8,9,334.8,4389.6,310
TIRIYA SPM,BOX,5,310,1550,1550,9,139.5,9,139.5,1829,310
SIFON GRISS,NOS,2,610,1220,1220,9,109.8,9,109.8,1439.6,610
WALINGTON-LT,Nos,9,260,2340,2340,9,210.6,9,210.6,2761.2,260
"ORISSA PAN23"" V-852 WHITE",Box,1,1700,1700,1147.5,9,103.275,9,103.275,1354.05,1700
TREVI LT,BOX,16,310,4960,4960,9,446.4,9,446.4,5852.8,310
TREVI DK,BOX,5,310,1550,1550,9,139.5,9,139.5,1829,310
PROMI-LT,BOX,12,510,6120,6120,9,550.8,9,550.8,7221.6,510
PRIMO-DÉCOR,Nos,1,510,510,510,9,45.9,9,45.9,601.8,510
PRIMO-DK,Nos,2,510,1020,1020,9,91.8,9,91.8,1203.6,510
VITAL-LT,NOS,16,255,4080,4080,9,367.2,9,367.2,4814.4,255
TETRA BEIGE,NOS,13,615,7995,7995,9,719.55,9,719.55,9434.1,615
BELTON TUST,NOS,5,960,4800,4800,9,432,9,432,5664,960
MYK TIL;E ADHESIVE 305,NOS,27,320,8640,8640,9,777.6,9,777.6,10195.2,320
ORNATO CHOCO,BOX,16,315,5040,5040,9,453.6,9,453.6,5947.2,315
ALDO V-V-3007 WHITE,Box,4,1590,6360,4293,9,386.37,9,386.37,5065.74,1590
"EUREKA ""S""TRAP  WHITE",Box,1,2255,2255,1522.125,9,136.99,9,136.99,1796.11,2255
SEAT COVER EUREKAVC-775 IVORY,Box,1,1375,1375,1003.75,9,90.34,9,90.34,1184.43,1375
WALL HUNG GRAFICA V-9014 WHITE,Box,1,7625,7625,4575,9,411.75,9,411.75,5398.5,7625
FA05008 PROJECT ANGLE VALVE LEVER TYPE,NOS,1,395,395,229.1,9,20.62,9,20.62,270.34,395
FF02005 BIB COCK 2WAY,NOS,1,1075,1075,623.5,9,56.115,9,56.115,735.73,1075
FS06002 HEALTH FAUCET ABS BODY WITH WALL HOOK AND PVC CHROME HOSE PIPE,NOS,1,675,675,391.5,9,35.235,9,35.235,461.97,675
BEOLO TUSK,NOS,12,1085,13020,13020,9,1171.8,9,1171.8,15363.6,1085
ASPEN WOOD CREMA,NOS,25,700,17500,17500,9,1575,9,1575,20650,700
PARMA BROWN,NOS,7,230,1610,1610,9,144.9,9,144.9,1899.8,230
PARMA BEIGN,Nos,7,230,1610,1610,9,144.9,9,144.9,1899.8,230
BRIGG LT,BOX,12,310,3720,3720,9,334.8,9,334.8,4389.6,310
FORINTO BAINCO-LT,NOS,11,510,5610,5610,9,504.9,9,504.9,6619.8,510
MELT BIANCO,BOX,4,315,1260,1260,9,113.4,9,113.4,1486.8,315
WALINGTON-LT,Nos,8,260,2080,2080,9,187.2,9,187.2,2454.4,260
WILMA V-5005 WHITE,Box,1,3795,3795,2428.8,9,218.59,9,218.59,2865.98,3795
"LETIZIA ""S & P"" TRAP WHITE",Box,1,3700,3700,2368,9,213.12,9,213.12,2794.24,3700
SEAT COVER LETIZIA WHITE ,Box,1,1480,1480,1006.4,9,90.575,9,90.575,1187.55,1480
SINGLE FLUSH TANK WHITE,Box,1,1250,1250,850,9,76.5,9,76.5,1003,1250
FF02005 BIB COCK 2WAY,NOS,1,1075,1075,645,9,58.05,9,58.05,761.1,1075
FF02001 PILLAR COCK,NOS,1,745,745,447,9,40.23,9,40.23,527.46,745
FF02004 ANGULAR STOP COCK ,NOS,1,595,595,357,9,32.13,9,32.13,421.26,595
FS06002 HEALTH FAUCET ABS BODY WITH WALL HOOK AND PVC CHROME HOSE PIPE,NOS,1,675,675,405,9,36.45,9,36.45,477.9,675
PARMA BEIGN,Nos,2,230,460,460,9,41.4,9,41.4,542.8,230
MYK TILE ADHESIVE 290,Nos,20,555,11100,11100,9,999,9,999,13098,555
FEATHER WHITE,NOS,7,822.8813,5760.169,5760.169,9,518.415,9,518.415,6796.999,971
ASPEN WOOD CREMA,NOS,15,700,10500,10500,9,945,9,945,12390,700
TERASTONE LEMON ,NOS,8,560,4480,4480,9,403.2,9,403.2,5286.4,560
CANYON BROWN,NOS,15,510,7650,7650,9,688.5,9,688.5,9027,510
WALINGTON-LT,Nos,7,260,1820,1820,9,163.8,9,163.8,2147.6,260
PARMA GREY,NOS,5,230,1150,1150,9,103.5,9,103.5,1357,230
FEATHER WHITE,NOS,30,822.8814,24686.4414,24686.4414,9,2221.7798,9,2221.7798,29130,971
SALAZAR DK,BOX,2,310,620,620,9,55.8,9,55.8,731.6,310
SIFON BAINCO,NOS,28,610,17080,17080,9,1537.2,9,1537.2,20154.4,610
SARDO-LT,Nos,11,255,2805,2805,9,252.45,9,252.45,3309.9,255
SARDO-HL,Nos,3,255,765,765,9,68.85,9,68.85,902.7,255
SARDO-DK,Nos,4,255,1020,1020,9,91.8,9,91.8,1203.6,255
GIALLO PEARL,NOS,5,230,1150,1150,9,103.5,9,103.5,1357,194
FORINTO BAINCO-LT,NOS,7,510,3570,3570,9,321.3,9,321.3,4212.6,510
PARMA BROWN,NOS,5,230,1150,1150,9,103.5,9,103.5,1357,194
ORNATO CHOCO,BOX,3,315,945,945,9,85.05,9,85.05,1115.1,315
MARVEL WHITE,BOX,27,1021,27567,27567,9,2481.03,9,2481.03,32529.06,1021
MYK TILE ADHESIVE 290,NOS,20,560,11200,11200,9,1008,9,1008,13216,560
FEATHER WHITE,NOS,3,822.8813,2468.644,2468.644,9,222.1779,9,222.1779,2913,971
GHANA WOOD-LT,Nos,3,255,765,765,9,68.85,9,68.85,902.7,255
SPERANZA GREY,NOS,4,610,2440,2440,9,219.6,9,219.6,2879.2,610
MYK TIL;E ADHESIVE 305,NOS,3,325,975,975,9,87.75,9,87.75,1150.5,325
FEATHER WHITE,NOS,38,850,32300,32300,9,2907,9,2907,38114,850
MAGNA BAINCO-LT,Nos,7,510,3570,3570,9,321.3,9,321.3,4212.6,510
SCENERY WHITE,NOS,8,510,4080,4080,9,367.2,9,367.2,4814.4,510
KAISER LT,BOX,7,510,3570,3570,9,321.3,9,321.3,4212.6,510
CANYON BROWN,NOS,9,510,4590,4590,9,413.1,9,413.1,5416.2,510
SIFON GRISS,NOS,16,610,9760,9760,9,878.4,9,878.4,11516.8,610
FF02005 BIB COCK 2WAY,NOS,1,1075,1075,645,9,58.05,9,58.05,761.1,1075
FS06002 HEALTH FAUCET ABS BODY WITH WALL HOOK AND PVC CHROME HOSE PIPE,NOS,1,675,675,405,9,36.45,9,36.45,477.9,675
ORSINO V-3001 WHITE,Box,1,1305,1305,809.1,9,72.82,9,72.82,954.74,1305
BISTRO BEIGE,BOX,1,510,510,510,9,45.9,9,45.9,601.8,510
MARVEL WHITE,BOX,1,1066,1066,1066,9,95.94,9,95.94,1257.88,1066
SPERANZA GREY,NOS,18,610,10980,10980,9,988.2,9,988.2,12956.4,610
805-LT,Nos,13,160,2080,2080,9,187.2,9,187.2,2454.4,160
807-KIT HL,Nos,1,160,160,160,9,14.4,9,14.4,188.8,160
MYK TIL;E ADHESIVE 305,NOS,37,315,11655,11655,9,1048.95,9,1048.95,13752.9,315
FEATHER WHITE,NOS,14,820,11480,11480,9,1033.2,9,1033.2,13546.4,820
COSTER WOOD COPPER,Nos,13,810,10530,10530,9,947.7,9,947.7,12425.4,810
ARTECH NERO,BOX,4,610,2440,2440,9,219.6,9,219.6,2879.2,610
BEOLO TUSK,NOS,5,960,4800,4800,9,432,9,432,5664,960
FF03013 WALL MIXER WITH PROVISION FOR OVERHEAD SHOWER WITH 115MM LONG BEND PIPE CONNECTING LEGS& WALL FLANGES,NOS,1,3655,3655,2266.1,9,203.95,9,203.95,2674,3655
MAGNA BAINCO-LT,NOS,1,510,510,510,9,45.9,9,45.9,601.8,510
MERANTI WOOD COPPER ,BOX,28,610,17080,17080,9,1537.2,9,1537.2,20154.4,610
SPERENZA WHITE PLUS,BOX,15,610,9150,9150,9,823.5,9,823.5,10797,610
SIFON BAINCO,NOS,14,610,8540,8540,9,768.6,9,768.6,10077.2,610
CANYON BROWN,NOS,10,510,5100,5100,9,459,9,459,6018,510
TERASTONE WHITE ,NOS,11,620,6820,6820,9,613.8,9,613.8,8047.6,620
OXIDO-LT,NOS,6,610,3660,3660,9,329.4,9,329.4,4318.8,610
GIALLO PEARL,NOS,7,260,1820,1820,9,163.8,9,163.8,2147.6,260
MAGNA BAINCO-LT,NOS,8,612,4896,4896,9,440.64,9,440.64,5777.28,612
COSTER WOOD COPPER,Nos,13,835,10855,10855,9,976.95,9,976.95,12808.9,835
KRESTONE GREY,BOX,12,360,4320,4320,9,388.8,9,388.8,5097.6,360
ARTECH BAINCO,Nos,14,612,8568,8568,9,771.12,9,771.12,10110.24,612
MAGNA BAINCO-LT,NOS,13,310,4030,4030,9,362.7,9,362.7,4755.4,310
OXIDO-LT,NOS,6,510,3060,3060,9,275.4,9,275.4,3610.8,510
OXIDO TREE,Nos,1,310,310,310,9,27.9,9,27.9,365.8,310
GIALLO GRENE,NOS,5,260,1300,1300,9,117,9,117,1534,260
12036,Nos,72,200,14400,14400,9,1296,9,1296,16992,200
SPERANZA WHITE,Nos,4,610,2440,2440,9,219.6,9,219.6,2879.2,610
FS06002 HEALTH FAUCET ABS BODY WITH WALL HOOK AND PVC CHROME HOSE PIPE,NOS,1,675,675,411.75,9,37.055,9,37.055,485.86,675
FA05008 PROJECT ANGLE VALVE LEVER TYPE,NOS,1,395,395,240.95,9,21.685,9,21.685,284.32,395
PERLA V-3006 WHITE,BOX,1,1590,1590,1033.5,9,93.015,9,93.015,1219.53,1590
BERTINA V-1526 WHITE,Box,1,1435,1435,932.75,9,83.95,9,83.95,1100.65,1435
MYK TIL;E ADHESIVE 305,NOS,51,325,16575,16575,9,1491.75,9,1491.75,19558.5,325
894-HL,Nos,8,160,1280,1280,9,115.2,9,115.2,1510.4,160
895-HL,Nos,1,160,160,160,9,14.4,9,14.4,188.8,160
LISTILO WHITE,Nos,6,260,1560,1560,9,140.4,9,140.4,1840.8,260
MELT BROWN,BOX,4,316,1264,1264,9,113.76,9,113.76,1491.52,316
SPERENZA WHITE PLUS,BOX,11,600,6600,6600,9,594,9,594,7788,600
SIFON TUSK,Nos,9,610,5490,5490,9,494.1,9,494.1,6478.2,610
SARO BROWN,NOS,2,1000,2000,2000,9,180,9,180,2360,1000
PULPISH WHISKY,Nos,12,1108,13296,13296,9,1196.64,9,1196.64,15689.28,1108
KRESTONE GREY,BOX,13,356,4628,4628,9,416.52,9,416.52,5461.04,356
CAITIN KT,BOX,1,307,307,307,9,27.63,9,27.63,362.26,307
CANTIN WHITE,BOX,17,307,5219,5219,9,469.71,9,469.71,6158.42,307
CANYON BROWN,NOS,8,512,4096,4096,9,368.64,9,368.64,4833.28,512
SARA GOLD,Nos,19,1002,19038,19038,9,1713.42,9,1713.42,22464.84,1002
BRILLER ASH,BOX,22,608,13376,13376,9,1203.84,9,1203.84,15783.68,608
SPERENZA WHITE PLUS,BOX,30,608,18240,18240,9,1641.6,9,1641.6,21523.2,6087
HERIC GRAFITO-LT,NOS,12,360,4320,4320,9,388.8,9,388.8,5097.6,360
TEAGAN LT,BOX,16,300,4800,4800,9,432,9,432,5664,300
TEAGAN HL,BOX,5,300,1500,1500,9,135,9,135,1770,300
TEAGAN DK,BOX,6,300,1800,1800,9,162,9,162,2124,300
TERASTONE NERO,NOS,3,356,1068,1068,9,96.12,9,96.12,1260.24,356
SARDO-LT,Nos,26,280,7280,7280,9,655.2,9,655.2,8590.4,280
SARDO-HL,Nos,2,280,560,560,9,50.4,9,50.4,660.8,280
SARDO-DK,Nos,3,280,840,840,9,75.6,9,75.6,991.2,280
MELT BIANCO,BOX,4,310,1240,1240,9,111.6,9,111.6,1463.2,310
HERIC GRAFITO-HC,Nos,7,300,2100,2100,9,189,9,189,2478,300
HERIC GRAFITO-DK,NOS,4,300,1200,1200,9,108,9,108,1416,300
GIALLO PEARL,NOS,7,260,1820,1820,9,163.8,9,163.8,2147.6,260
KAISER LT,BOX,11,315,3465,3465,9,311.85,9,311.85,4088.7,315
KAISER KT,BOX,1,315,315,315,9,28.35,9,28.35,371.7,315
SIFON BAINCO,NOS,30,612,18360,18360,9,1652.4,9,1652.4,21664.8,612
SIFON GRISS,NOS,2,612,1224,1224,9,110.16,9,110.16,1444.32,612
SARA GOLD,Nos,28,1002,28056,28056,9,2525.04,9,2525.04,33106.08,1002
OXIDO-LT,NOS,12,325,3900,3900,9,351,9,351,4602,325
OXIDO TREE,Nos,2,325,650,650,9,58.5,9,58.5,767,325
OXIDO BR DK,BOX,10,325,3250,3250,9,292.5,9,292.5,3835,325
EPPIMG GREMA-LT,NOS,16,260,4160,4160,9,374.4,9,374.4,4908.8,260
GIALLO PEARL,NOS,7,260,1820,1820,9,163.8,9,163.8,2147.6,260
MELT BROWN,BOX,4,310,1240,1240,9,111.6,9,111.6,1463.2,310
FF03007 SWAN NECK TAP WITH LEFT HAND OPERATING KNOB,NOS,1,1495,1495,911.95,9,82.075,9,82.075,1076.1,1495
MYK TIL;E ADHESIVE 305,NOS,6,320,1920,1920,9,172.8,9,172.8,2265.6,320
MAGNA BAINCO-LT,NOS,10,335,3350,3350,9,301.5,9,301.5,3953,335
805-LT,Nos,4,160,640,640,9,57.6,9,57.6,755.2,160
MYK TILE ADHESIVE 290,NOS,6,550,3300,3300,9,297,9,297,3894,550
DYNA VIUATA,Nos,17,912,15504,15504,9,1395.36,9,1395.36,18294.72,912
FF02003 LONG BODY BIB COCK ,NOS,3,755,2265,1426.95,9,128.425,9,128.425,1683.8,755
FF02007 SWAN NECK TAP WITH LEFT HAND OPERATING KNOB ,NOS,2,1225,2450,1519,9,136.71,9,136.71,1792.42,1225
FF02005 BIB COCK 2WAY,NOS,1,1075,1075,666.5,9,59.985,9,59.985,786.47,1075
FF02010 SINK MIXER WITH SWIVEL SPOUT WALL FLANGES,NOS,2,2525,5050,3131,9,281.79,9,281.79,3694.58,2525
FF02014 WALL MIXER 3IN 1 SYSTEM WITH PROVISION FOR BOTH HAND SHOWER & OVERHEAD SHOWER WITH 115MM LONG BEND PIPE CONNECTING LEGS & WALL FLANGES,NOS,2,4095,8190,5077.8,9,457,9,457,5991.8,4095
FS03003 OVERHEAD  SHOWER 3 FLOW WITH RUBITCLEANING  SYSTEM ,BOX,2,890,1780,1103.6,9,99.325,9,99.325,1302.25,890
FS06002 HEALTH FAUCET ABS BODY WITH WALL HOOK AND PVC CHROME HOSE PIPE,NOS,1,675,675,418.5,9,37.665,9,37.665,493.83,675
HERICAN TUSK,NOS,2,1080,2160,2160,9,194.4,9,194.4,2548.8,1080
ARTECH NERO,BOX,6,615,3690,3690,9,332.1,9,332.1,4354.2,615
SIFON GRISS,NOS,6,615,3690,3690,9,332.1,9,332.1,4354.2,615
MYK TIL;E ADHESIVE 305,NOS,3,310,930,930,9,83.7,9,83.7,1097.4,310
MAGNA BAINCO-LT,NOS,9,360,3240,3240,0,0,0,0,3240,360
PARMA BEIGN,Nos,1,300,300,300,9,27,9,27,354,300
ASPEN WOOD CREMA,NOS,1,680,680,680,9,61.2,9,61.2,802.4,680
SANDSTONE BIANCO,BOX,11,4515.254,49667.8,49667.8,9,4470.102,9,4470.102,58608,5328
SANDSTONE NERO,BOX,8,4515.255,36122.04,36122.04,9,3250.983,9,3250.983,42624.01,5328
BRENZO WHITE ,BOX,8,1647.458,13179.66,13179.66,9,1186.17,9,1186.17,15552,1944
MOLENIUS DOVE,BOX,10,1016.949,10169.49,10169.49,9,915.254,9,915.254,12000,1200
FLOREST WHITE,BOX,22,1016.949,22372.88,22372.88,9,2013.559,9,2013.559,26400,1200
TRAVERTINO BEIGE,BOX,16,1016.949,16271.19,16271.19,9,1464.407,9,1464.407,19200,1200
ARMANI WHITE,BOX,4,1016.949,4067.797,4067.797,9,366.1017,9,366.1017,4800,1200
FA02003 CONCEALED BODY OF SINGLE LEVER DIVERTER WITH BUTTON ASSEMBLY CARTRIDGE SLEEVE BUT WITHOUT EXPOSED PARTS,NOS,5,3695,18475,11496.99,9,1034.73,9,1034.73,13566.45,3695
E-70,NOS,34,224.5763,7635.593,7635.593,9,687.2035,9,687.2035,9010,265
E-72,NOS,11,224.5763,2470.339,2470.339,9,222.3305,9,222.3305,2915,265
PARMA GREY,NOS,9,305.0848,2745.763,2745.763,9,247.1187,9,247.1187,3240,360
MYK TIL;E ADHESIVE 305,NOS,20,296.6102,5932.204,5932.204,9,533.8985,9,533.8985,7000.001,350
BIB COCK-5.5500,NOS,3,990,2970,2079,9,187.11,9,187.11,2453.22,990
FF01013 WALL MIXER WITH PROVISION FOR OVERHEAD SHOWER WITH 115MM LONG BEND PIPE CONNECTING LEGS & WALL FLANGES,NOS,1,3095,3095,1887.95,9,169.915,9,169.915,2227.78,3095
FF01003 LONG BODY BIB COCK,NOS,2,655,1310,799.1,9,71.92,9,71.92,942.94,655
FF01002 BIB COCK,NOS,1,565,565,344.65,9,31.02,9,31.02,406.69,565
FF01007 SWAN NECK TAP WITH LEFT HAND OPERATING KNOB,NOS,1,1095,1095,667.95,9,60.115,9,60.115,788.18,1095
FA05008 PROJECT ANGLE VALVE LEVER TYPE,NOS,1,395,395,240.95,9,21.685,9,21.685,284.32,395
FA07001 SHOWER ARM CASTED BRASS ECO WITH FLANGE,BOX,1,495,495,301.95,9,27.175,9,27.175,356.3,495
FS03007 OVERHEAD SHOWER 5 FLOW WITH  RUBI CLEANING  SYSTEM ,BOX,1,750,750,480,9,43.2,9,43.2,566.4,750
NESTER SHIFON,Nos,1,2080,2080,2080,9,187.2,9,187.2,2454.4,2080
MAGNA BAINCO-LT,NOS,8,410,3280,3280,9,295.2,9,295.2,3870.4,410
ZENITH BEIGE,BOX,10,410,4100,4100,9,369,9,369,4838,410
SATUTURIO,Nos,2,640,1280,1280,9,115.2,9,115.2,1510.4,640
HANNAH-DK,Nos,2,420,840,840,9,75.6,9,75.6,991.2,420
HANNAH-LT,Nos,10,420,4200,4200,9,378,9,378,4956,420
WALINGTON-LT,Nos,8,315,2520,2520,9,226.8,9,226.8,2973.6,315
MYK TILE ADHESIVE 290,NOS,1,555,555,555,9,49.95,9,49.95,654.9,555
SARA GOLD,NOS,10,1102.542,11025.42,11025.42,9,992.288,9,992.288,13010,1301
MERANTI WOOD COPPER ,BOX,4,705.0848,2820.339,2820.339,9,253.8305,9,253.8305,3328,832
KILOS TUSK,NOS,10,677.9661,6779.661,6779.661,9,610.1695,9,610.1695,8000,800
SIFON BAINCO,NOS,11,677.9661,7457.627,7457.627,9,671.1865,9,671.1865,8800,800
SIFON GRISS,NOS,6,677.9662,4067.797,4067.797,9,366.1017,9,366.1017,4800,800
COTTAGE WOOD COPPER,NOS,10,718.6441,7186.441,7186.441,9,646.7795,9,646.7795,8480,848
SARA GOLD,NOS,1,1002,1002,1002,9,90.18,9,90.18,1182.36,1002
HERICAN TUSK,NOS,31,1179.661,36569.49,36569.49,9,3291.254,9,3291.254,43152,1392
462-LT,Nos,19,160,3040,3040,9,273.6,9,273.6,3587.2,160
462-HL,Nos,3,162,486,486,9,43.74,9,43.74,573.48,162
PARMA BEIGN,Nos,4,230,920,920,9,82.8,9,82.8,1085.6,230
LIVANA PEARL,NOS,4,1150,4600,4600,9,414,9,414,5428,1150
BEOLO TUSK,NOS,1,960,960,960,9,86.4,9,86.4,1132.8,960
1008-GVT,Nos,1,550,550,550,9,49.5,9,49.5,649,550
ASPEN WOOD CREMA,NOS,1,720,720,720,9,64.8,9,64.8,849.6,720
SARDO-LT,Nos,5,315,1575,1575,9,141.75,9,141.75,1858.5,315
MYK TILE ADHESIVE 290,NOS,2,325,650,650,9,58.5,9,58.5,767,325
PERLA V-3006 WHITE,BOX,1,1390,1390,903.5,9,81.315,9,81.315,1066.13,1390
SIFON BAINCO,NOS,109,604.2373,65861.87,65861.87,9,5927.57,9,5927.57,77717.01,713
SIFON GRISS,NOS,11,604.2372,6646.61,6646.61,9,598.195,9,598.195,7843,713
HERICAN TUSK,NOS,17,972.0339,16524.5762,16524.5762,9,1487.2119,9,1487.2119,19499,1147
12057,Nos,86,200,17200,17200,9,1548,9,1548,20296,200
BALLOT HAYA-LT,NOS,15,330,4950,4950,9,445.5,9,445.5,5841,330
60047-HL,BOX,1,1800,1800,1800,9,162,9,162,2124,1800
BALLOT HAYA-DK,Nos,2,330,660,660,9,59.4,9,59.4,778.8,330
GIALLO PEARL,NOS,5,315,1575,1575,9,141.75,9,141.75,1858.5,315
BRIGG LT,BOX,8,330,2640,2640,9,237.6,9,237.6,3115.2,330
BRIGG KT,BOX,1,330,330,330,9,29.7,9,29.7,389.4,330
HERIC GRAFITO-DK,NOS,3,310,930,930,9,83.7,9,83.7,1097.4,310
SPERENZA WHITE PLUS,BOX,6,600,3600,3600,9,324,9,324,4248,600
WALINGTON-LT,Nos,6,260,1560,1560,9,140.4,9,140.4,1840.8,260
MECABE,NOS,33,972.0339,32077.12,32077.12,9,2886.94,9,2886.94,37851,1147
LUST GOLD,NOS,7,680,4760,4760,9,428.4,9,428.4,5616.8,680
MERANTI WOOD COPPER ,BOX,10,621,6210,6210,9,558.9,9,558.9,7327.8,621
HERICAN TUSK,NOS,5,975,4875,4875,9,438.75,9,438.75,5752.5,975
LUST WHITE,Nos,7,680,4760,4760,9,428.4,9,428.4,5616.8,680
LATEX-1776(LIQUID)-400ML,NOS,10,2711.864,27118.64,27118.64,9,2440.677,9,2440.677,32000,3200
MYK TILE ADHESIVE 290,NOS,7,470.339,3292.373,3292.373,9,296.3135,9,296.3135,3885,555
MAGNA BAINCO-LT,NOS,10,344.0678,3440.678,3440.678,9,309.661,9,309.661,4060,406
MAGNA BAINCO-MN2,NOS,4,68.64407,274.5763,274.5763,9,24.71186,9,24.71186,324,81
PARMA GREY,NOS,9,260,2340,2340,9,210.6,9,210.6,2761.2,260
MYK TIL;E ADHESIVE 305,NOS,20,315,6300,6300,9,567,9,567,7434,315
SIFON BAINCO,NOS,10,614,6140,6140,9,552.6,9,552.6,7245.2,614
SIFON GRISS,NOS,9,614,5526,5526,9,497.34,9,497.34,6520.68,614
IMELA BAINCO,NOS,29,972,28188,28188,9,2536.92,9,2536.92,33261.84,972
BLACK POTRO,BOX,1,1150,1150,1150,9,103.5,9,103.5,1357,1150
HERICAN TUSK,NOS,11,960,10560,10560,9,950.4,9,950.4,12460.8,960
HERIC GRAFITO-LT,NOS,1,490,490,490,9,44.1,9,44.1,578.2,490
GIALLO PEARL,NOS,1,300,300,300,9,27,9,27,354,300
SPERENZA WHITE PLUS,BOX,10,608,6080,6080,9,547.2,9,547.2,7174.4,608
OXIDO TREE,Nos,1,510,510,510,9,45.9,9,45.9,601.8,510
TETRA BEIGE,NOS,1,510,510,510,9,45.9,9,45.9,601.8,510
LUST WHITE,Nos,1,685,685,685,9,61.65,9,61.65,808.3,685
MERANTI WOOD COPPER ,BOX,19,620,11780,11780,9,1060.2,9,1060.2,13900.4,620
BRECCIA BLUE,BOX,9,3980,35820,35820,9,3223.8,9,3223.8,42267.6,3980
SAVANA BUFF,Nos,17,1260,21420,21420,9,1927.8,9,1927.8,25275.6,1260
KAISER LT,BOX,9,500,4500,4500,9,405,9,405,5310,500
KAISER KT,BOX,1,500,500,500,9,45,9,45,590,500
GIALLO PEARL,NOS,5,270,1350,1350,9,121.5,9,121.5,1593,270
PARMA BROWN,NOS,4,270,1080,1080,9,97.2,9,97.2,1274.4,270
SARDO-LT,Nos,14,510,7140,7140,9,642.6,9,642.6,8425.2,510
SARDO-HL,Nos,2,510,1020,1020,9,91.8,9,91.8,1203.6,510
SARDO-DK,Nos,3,510,1530,1530,9,137.7,9,137.7,1805.4,510
ASPEN WOOD CREMA,NOS,48,680,32640,32640,9,2937.6,9,2937.6,38515.2,680
MYK TILE ADHESIVE 290,NOS,6,466.1017,2796.61,2796.61,9,251.6949,9,251.6949,3300,550
BLACK POTRO,BOX,3,1054,3162,3162,9,284.58,9,284.58,3731.16,1054
HERICAN TUSK,NOS,21,961,20181,20181,9,1816.29,9,1816.29,23813.58,961
SQUARE WHITE SPM,BOX,10,510,5100,5100,9,459,9,459,6018,510
COSTER WOOD COPPER,Nos,19,850,16150,16150,9,1453.5,9,1453.5,19057,850
MYK TIL;E ADHESIVE 305,NOS,40,320,12800,12800,9,1152,9,1152,15104,320
HERICAN TUSK,NOS,12,900,10800,10800,9,972,9,972,12744,900
HERICAN TUSK,NOS,8,950,7600,7600,9,684,9,684,8968,950
SIFON TUSK,Nos,4,621,2484,2484,9,223.56,9,223.56,2931.12,621
EMELY- MN2,Nos,2,360,720,720,9,64.8,9,64.8,849.6,360
EMELY-DK,NOS,15,360,5400,5400,9,486,9,486,6372,360
SIFON BAINCO,NOS,6,625,3750,3750,9,337.5,9,337.5,4425,625
SIFON GRISS,NOS,4,625,2500,2500,9,225,9,225,2950,625
MYK TILE ADHESIVE 290,NOS,2,556,1112,1112,9,100.08,9,100.08,1312.16,556
KIARA V-4001 WHITE,Box,1,2065,2065,1280.3,9,115.225,9,115.225,1510.75,2065
SANDSTONE BIANCO,BOX,15,4272.034,64080.51,64080.51,9,5767.245,9,5767.245,75615,5041
CEMENTO BAINCO,NOS,20,604.2375,12084.75,12084.75,9,1087.627,9,1087.627,14260,713
PARKER NERO ,BOX,24,1050.848,25220.34,25220.34,9,2269.831,9,2269.831,29760,1240
MYK TILE ADHESIVE 290,NOS,10,533.8983,5338.983,5338.983,9,480.5085,9,480.5085,6300,630
WALL HUNG PRIMA V-9001 WHITE,Box,1,6790,6790,4413.5,9,397.215,9,397.215,5207.93,6790
ALBA V-2002 WHITE,Box,1,1360,1360,884,9,79.56,9,79.56,1043.12,1360
CARYSIL21X18 SALSA CHAMOAGNE,NOS,1,4050,4050,3645,9,328.05,9,328.05,4301.1,4050
DYANA IVORY,NOS,11,950,10450,10450,9,940.5,9,940.5,12331,950
ALPHA,Nos,25,638,15950,15950,9,1435.5,9,1435.5,18821,638
CANYON BROWN,NOS,8,390,3120,3120,9,280.8,9,280.8,3681.6,390
TIARA WHITE,BOX,9,325,2925,2925,9,263.25,9,263.25,3451.5,325
TIARA KT,BOX,1,355,355,355,9,31.95,9,31.95,418.9,355
SIFON BAINCO,NOS,1,612,612,612,9,55.08,9,55.08,722.16,612
HERIC GRAFITO-LT,NOS,7,352,2464,2464,9,221.76,9,221.76,2907.52,352
402-LT,NOS,3,160,480,480,9,43.2,9,43.2,566.4,160
ALDO V-V-3007 WHITE,Box,1,1590,1590,985.8,9,88.72,9,88.72,1163.24,1590
FF01007 SWAN NECK TAP WITH LEFT HAND OPERATING KNOB,NOS,1,1095,1095,678.9,9,61.1,9,61.1,801.1,1095
SARA GOLD,NOS,2,1102,2204,2204,9,198.36,9,198.36,2600.72,1102
GIALLO PEARL,NOS,1,260,260,260,9,23.4,9,23.4,306.8,260
BISTRO GREY,NOS,12,500,6000,6000,9,540,9,540,7080,500
NESTER SHIFON,Nos,10,2110,21100,21100,9,1899,9,1899,24898,2110
OLIVER V-6040 WHITE,BOX,1,2390,2390,1553.5,9,139.815,9,139.815,1833.13,2390
LAVA V-6024 WHITE,Box,1,3050,3050,1982.5,9,178.425,9,178.425,2339.35,3050
ORSINO V-3001 WHITE,Box,1,1305,1305,848.25,9,76.34,9,76.34,1000.93,1305
FF01013 WALL MIXER WITH PROVISION FOR OVERHEAD SHOWER WITH 115MM LONG BEND PIPE CONNECTING LEGS & WALL FLANGES,NOS,16,3095,49520,29712,9,2674.08,9,2674.08,35060.16,3095
FS03007 OVERHEAD SHOWER 5 FLOW WITH  RUBI CLEANING  SYSTEM ,BOX,16,750,12000,7200,9,648,9,648,8496,750
FA07001 SHOWER ARM CASTED BRASS ECO WITH FLANGE,BOX,16,495,7920,4752,9,427.68,9,427.68,5607.36,495
FA05008 PROJECT ANGLE VALVE LEVER TYPE,NOS,23,395,9085,5451,9,490.59,9,490.59,6432.18,395
FS06002 HEALTH FAUCET ABS BODY WITH WALL HOOK AND PVC CHROME HOSE PIPE,NOS,8,675,5400,3240,9,291.6,9,291.6,3823.2,675
FF01001 PILLAR COCK ,NOS,14,675,9450,5670,9,510.3,9,510.3,6690.6,675
FF01002 BIB COCK,NOS,18,565,10170,6102,9,549.18,9,549.18,7200.36,565
FF01005 BIB COCK 2 WAY ,BOX,8,955,7640,4584,9,412.56,9,412.56,5409.12,955
FF01003 LONG BODY BIB COCK,NOS,1,655,655,393,9,35.37,9,35.37,463.74,655
FF01009 SINK COCK WITH SWIVEL SPOUT,NOS,11,995,10945,6567,9,591.03,9,591.03,7749.06,995
MARFIL CREMA (36),BOX,9,3600,32400,32400,9,2916,9,2916,38232,3600
ARMANI BRONZE,BOX,1,3960,3960,3960,9,356.4,9,356.4,4672.8,3960
ASTON IVORY,BOX,7,3736,26152,26152,9,2353.68,9,2353.68,30859.36,3736
MARVEL WHITE,BOX,1,1066,1066,1066,9,95.94,9,95.94,1257.88,1066
CEMENTO BAINCO,NOS,9,625,5625,5625,9,506.25,9,506.25,6637.5,615
ARTECH NERO,BOX,1,625,625,625,9,56.25,9,56.25,737.5,615
MAGNA BAINCO-LT,NOS,12,355,4260,4260,9,383.4,9,383.4,5026.8,355
FF02001 PILLAR COCK,NOS,1,745,745,461.9,9,41.57,9,41.57,545.04,745
PERLA V-3006 WHITE,BOX,1,1590,1590,1033.5,9,93.015,9,93.015,1219.53,1590
AMADEO NERO,Nos,2,1150,2300,2300,9,207,9,207,2714,1100
SIFON BAINCO,NOS,16,615,9840,9840,9,885.6,9,885.6,11611.2,615
SIFON GRISS,NOS,6,615,3690,3690,9,332.1,9,332.1,4354.2,615
SPERENZA WHITE PLUS,BOX,7,620,4340,4340,9,390.6,9,390.6,5121.2,620
TEAGAN LT,BOX,1,360,360,360,9,32.4,9,32.4,424.8,360
TREVI LT,BOX,3,360,1080,1080,9,97.2,9,97.2,1274.4,360
FEATHER WHITE(TROPICANA),NOS,1,960,960,960,9,86.4,9,86.4,1132.8,960
MARFIL CREMA (36),BOX,7,3600,25200,25200,9,2268,9,2268,29736,3600
SPERANZA GREY,NOS,28,610,17080,17080,9,1537.2,9,1537.2,20154.4,610
BRONZETTO WOOD,BOX,18,380,6840,6840,9,615.6,9,615.6,8071.2,360
CANYON BROWN,NOS,9,410,3690,3690,9,332.1,9,332.1,4354.2,410
WALINGTON-LT,Nos,3,260,780,780,9,70.2,9,70.2,920.4,260
SATUTURIO,Nos,3,610,1830,1830,9,164.7,9,164.7,2159.4,610
SAVANA BUFF,Nos,14,1178,16492,16492,9,1484.28,9,1484.28,19460.56,1178
NESTER SHIFON,Nos,5,2080,10400,10400,9,936,9,936,12272,2080
SARA GOLD(OLMO PLUS),NOS,21,1028,21588,21588,9,1942.92,9,1942.92,25473.84,1028
FEATHER WHITE(TROPICANA),NOS,1,960,960,960,9,86.4,9,86.4,1132.8,960
SPERENZA WHITE PLUS,BOX,12,618,7416,7416,9,667.44,9,667.44,8750.88,618
MECABE,NOS,1,1120,1120,1120,9,100.8,9,100.8,1321.6,1120
HERICAN TUSK,NOS,5,1125,5625,5625,9,506.25,9,506.25,6637.5,1125
TERASTONE LEMON ,NOS,9,635,5715,5715,9,514.35,9,514.35,6743.7,635
MAGNIFICIENT MARFIL,Nos,7,625,4375,4375,9,393.75,9,393.75,5162.5,625
ASTON IVORY,BOX,2,5485,10970,10970,9,987.3,9,987.3,12944.6,5472
MEDEZA LT,BOX,10,536,5360,5360,9,482.4,9,482.4,6324.8,530
MEDEZA SPM -2,BOX,5,535,2675,2675,9,240.75,9,240.75,3156.5,530
MEDEZA DK,BOX,5,535,2675,2675,9,240.75,9,240.75,3156.5,530
MYK TILE ADHESIVE 290,NOS,20,670,13400,13400,9,1206,9,1206,15812,660
12036,Nos,14,289,4046,4046,9,364.14,9,364.14,4774.28,295
SQUARE WHITE SPM,BOX,1,535,535,535,9,48.15,9,48.15,631.3,530
2.1100BH EXPOSED BATH/SHOWER MIXER-3WAY,Box,1,3882,3882,3105.6,9,279.505,9,279.505,3664.61,3882
HSH.3SF SINGLEFLOW HANDSHOWER SET,BOX,1,998,998,798.4,9,71.855,9,71.855,942.11,998
2.5500 BIB COCK,NOS,1,648,648,518.4,9,46.655,9,46.655,611.71,648
SIGN FUNCTION SHOWER HAS.3SF,Nos,1,798,798,638.4,9,57.455,9,57.455,753.31,798
25510 TWO WAY BIB COCK ,Nos,1,998,998,798.4,9,71.856,9,71.856,942.112,998
200.2000 HEALTH FUAUCET SET,NOS,1,798,798,638.4,9,57.455,9,57.455,753.31,798
"EWC ""S""TRAP V-951 IVORY",Box,1,1970,1970,1576,9,141.84,9,141.84,1859.68,1970
"SEAT COVER ""S & P"" TRAP IVORY",Box,1,750,750,600,9,54,9,54,708,750
SINGLE FLUSH TANK IVORY,Box,1,1250,1250,1000,9,90,9,90,1180,1250
FF02013 WALL MIXER WITH PROVISION FOR OVERHEAD SHOWER WITH 115MM LONG BEND PIPE CONNECTING LEGS& WALL FLANGES,NOS,2,3295,6590,3954,9,355.86,9,355.86,4665.72,3295
FS03011 OVERHEAD  SHOWER 6 FLOW WITH  RUBIT CLEANING SYSTEM  ,BOX,2,750,1500,900,9,81,9,81,1062,750
FA07002 SHOWER ARM CASTED BRASS REGULAR WITH FLANGE ,BOX,2,595,1190,714,9,64.26,9,64.26,842.52,595
FF02009 SINK COCK WITH SWIVEL SPOUT ,NOS,2,1125,2250,1350,9,121.5,9,121.5,1593,1125
FF02003 LONG BODY BIB COCK ,NOS,5,755,3775,2265,9,203.85,9,203.85,2672.7,755
FA05008 PROJECT ANGLE VALVE LEVER TYPE,NOS,4,395,1580,948,9,85.32,9,85.32,1118.64,395
FF02007 SWAN NECK TAP WITH LEFT HAND OPERATING KNOB ,NOS,2,1225,2450,1470,9,132.3,9,132.3,1734.6,1225
FF02005 BIB COCK 2WAY,NOS,1,1075,1075,645,9,58.05,9,58.05,761.1,1075
FS06002 HEALTH FAUCET ABS BODY WITH WALL HOOK AND PVC CHROME HOSE PIPE,NOS,1,675,675,405,9,36.45,9,36.45,477.9,675
2.302002 WASHING MACHINE BIB COCK,Nos,1,698,698,418.8,9,37.69,9,37.69,494.18,698
"EUREKA ""S""TRAP  WHITE",Box,1,2255,2255,1353,9,121.77,9,121.77,1596.54,2255
SEAT COVER EUREKAVC-775 IVORY,Box,1,1375,1375,825,9,74.25,9,74.25,973.5,1375
SINGLE FLUSH TANK WHITE,Box,1,1250,1250,750,9,67.5,9,67.5,885,1250
CLARA V-3010 WHITE,Box,1,1540,1540,924,9,83.16,9,83.16,1090.32,1540
PERLA V-3006 WHITE,BOX,1,1590,1590,954,9,85.86,9,85.86,1125.72,1590
BRIGHT WHITE-644,Nos,1,90,90,90,9,8.1,9,8.1,106.2,90
ALPHA,Nos,3,623,1869,1869,9,168.21,9,168.21,2205.42,623
SCENERY WHITE,NOS,8,400,3200,3200,9,288,9,288,3776,400
SCENARY COFFEE,Nos,1,400,400,400,9,36,9,36,472,400
FORINTO BAINCO-LT,NOS,21,350,7350,7350,9,661.5,9,661.5,8673,350
SPERENZA WHITE PLUS,BOX,4,625,2500,2500,9,225,9,225,2950,625
MAGNA BAINCO-LT,NOS,10,350,3500,3500,9,315,9,315,4130,350
MAGNA BAINCO-MN2,NOS,1,350,350,350,9,31.5,9,31.5,413,350
TREVI DK,BOX,5,390,1950,1950,9,175.5,9,175.5,2301,390
OLIVER V-6040 WHITE,BOX,1,2390,2390,1553.5,9,139.815,9,139.815,1833.13,2390
"ORISSA PAN23"" V-852 WHITE",Box,1,1700,1700,1105,9,99.45,9,99.45,1303.9,1700
MERRANTI WOOD WENGUE,BOX,2,650,1300,1300,9,117,9,117,1534,650
DYANA IVORY,NOS,2,1025,2050,2050,9,184.5,9,184.5,2419,1025
IMELA BAINCO,NOS,5,1025,5125,5125,9,461.25,9,461.25,6047.5,1025
FF01007 SWAN NECK TAP WITH LEFT HAND OPERATING KNOB,NOS,1,1095,1095,657,9,59.13,9,59.13,775.26,1095
BEOLO TUSK,NOS,13,1066,13858,13858,9,1247.22,9,1247.22,16352.44,1066
MARVEL WHITE,BOX,33,1066,35178,35178,9,3166.02,9,3166.02,41510.04,1066
MYK TIL;E ADHESIVE 305,NOS,35,353,12355,12355,9,1111.95,9,1111.95,14578.9,350
MYK TILE ADHESIVE 290 WHITE ,BAG,5,883,4415,4415,9,397.35,9,397.35,5209.7,880
MARVEL WHITE,BOX,25,1035,25875,25875,9,2328.75,9,2328.75,30532.5,1035
MERANTI WOOD COPPER ,BOX,18,602,10836,10836,9,975.24,9,975.24,12786.48,602
GRACE BIANCO ,BOX,18,602,10836,10836,9,975.24,9,975.24,12786.48,602
SPERANZA GREY,NOS,26,602,15652,15652,9,1408.68,9,1408.68,18469.36,602
SIFON DOVE,BOX,3,602,1806,1806,9,162.54,9,162.54,2131.08,602
SIFON BAINCO,NOS,12,602,7224,7224,9,650.16,9,650.16,8524.32,602
SIFON GRISS,NOS,6,602,3612,3612,9,325.08,9,325.08,4262.16,602
MYK TIL;E ADHESIVE 305,NOS,2,320,640,640,9,57.6,9,57.6,755.2,320
FF02013 WALL MIXER WITH PROVISION FOR OVERHEAD SHOWER WITH 115MM LONG BEND PIPE CONNECTING LEGS& WALL FLANGES,2,2,3295,6590,3756.3,9,338.065,9,338.065,4432.43,3295
FF02003 LONG BODY BIB COCK ,NOS,4,755,3020,1721.4,9,154.926,9,154.926,2031.252,755
FF02002 BIB COCK,NOS,2,635,1270,723.9,9,65.15,9,65.15,854.2,635
FF02001 PILLAR COCK,NOS,2,745,1490,849.3,9,76.435,9,76.435,1002.17,745
FF02004 ANGULAR STOP COCK ,NOS,2,595,1190,678.3,9,61.047,9,61.047,800.394,595
FF05013 WALL MIXER WITH PROVISION FOR OVERHEAD SHOWER WITH 115MM LONG BEND PIPE CONNECTING LEGS & WALL FLANGES,NOS,2,4595,9190,5238.3,9,471.445,9,471.445,6181.19,4595
FF05002 BIB COCK WITH WALL FLANGE,NOS,4,1175,4700,2679,9,241.11,9,241.11,3161.22,1175
FF05001 PILLAR COCK ,NOS,1,1195,1195,681.15,9,61.305,9,61.305,803.76,1195
FF05004 ANGULAR STOP COCK WITH WALL FLANGE,NOS,2,995,1990,1134.3,9,102.085,9,102.085,1338.47,995
FS04001 ABS OVERHEAD RAIN SHOWER 200MM FULL CHROME PLATED SQUARE WITH RUBIT CLEANING SYSTEM,NOS,2,1640,3280,1869.6,9,168.265,9,168.265,2206.13,1640
FS04002 ABS OVERHEAD RAIN SHOWER 200MM FULL CHROME PLATED ROUND WITH RUBIT CLEANING SYSTEM,NOS,2,1590,3180,1812.6,9,163.135,9,163.135,2138.87,1590
FS03007 OVERHEAD SHOWER 5 FLOW WITH  RUBI CLEANING  SYSTEM ,BOX,2,750,1500,855,9,76.95,9,76.95,1008.9,750
FS03003 OVERHEAD  SHOWER 3 FLOW WITH RUBITCLEANING  SYSTEM ,BOX,2,890,1780,1014.6,9,91.315,9,91.315,1197.23,890
FS03018 HAND SHOWER SINGLE FLOWE PERAL FACE WITH RUBIT CLEANING SYSTEM,BOX,1,1190,1190,678.3,9,61.045,9,61.045,800.39,1190
FS02007 OVERHEAD SHOWER SINGLE FLOW SQUAR WITH ARM AND RUBIT CLEANING SYSTEM,BOX,2,1140,2280,1299.6,9,116.965,9,116.965,1533.53,1140
FS02009 OVERHEAD SHOWER SINGLE FLOW FULL CHROME PALTED SQUAR WITH RUBIT ARM AND CLEANING SYSTEM,BOX,2,1230,2460,1402.2,9,126.2,9,126.2,1654.6,1230
FA05008 PROJECT ANGLE VALVE LEVER TYPE,NOS,6,395,2370,1350.9,9,121.58,9,121.58,1594.06,395
FF01013 WALL MIXER WITH PROVISION FOR OVERHEAD SHOWER WITH 115MM LONG BEND PIPE CONNECTING LEGS & WALL FLANGES,NOS,2,3095,6190,3528.3,9,317.545,9,317.545,4163.39,3095
FF01003 LONG BODY BIB COCK,NOS,2,655,1310,746.7,9,67.205,9,67.205,881.11,655
FF01002 BIB COCK,NOS,2,565,1130,644.1,9,57.97,9,57.97,760.04,565
FF01007 SWAN NECK TAP WITH LEFT HAND OPERATING KNOB,NOS,2,1095,2190,1248.3,9,112.345,9,112.345,1472.99,1095
FA07003 SHOWER ARM ROUND 20MM & 300MM LONG  WITH FLANGE,BOX,2,995,1990,1134.3,9,102.087,9,102.087,1338.474,495
FA07004 SHOWER ARM ROUND 20MM & 400MM LONG WITH FLANGE,BOX,2,1195,2390,1362.3,9,122.605,9,122.605,1607.51,1195
FA07002 SHOWER ARM CASTED BRASS REGULAR WITH FLANGE ,BOX,2,595,1190,678.3,9,61.045,9,61.045,800.39,595
FA07001 SHOWER ARM CASTED BRASS ECO WITH FLANGE,BOX,2,495,990,564.3,9,50.785,9,50.785,665.87,495
FA07005 SHOWER ARM SQUARE 20X20MM AND 300 MM LONG,BOX,1,1695,1695,966.15,9,86.9535,9,86.9535,1140.057,1695
SPERENZA WHITE PLUS,BOX,28,590,16520,16520,9,1486.8,9,1486.8,19493.6,612
SARA GOLD(OLMO PLUS),NOS,3,1096,3288,3288,9,295.92,9,295.92,3879.84,1096
SATUTURIO,Nos,1,625,625,625,9,56.25,9,56.25,737.5,625
CANYON BROWN,NOS,25,476,11900,11900,9,1071,9,1071,14042,480
MYK TIL;E ADHESIVE 305,NOS,5,355,1775,1775,9,159.75,9,159.75,2094.5,355
CARIO TUST,NOS,10,614,6140,6140,9,552.6,9,552.6,7245.2,612
MAGNA BAINCO-LT,NOS,24,300,7200,7200,9,648,9,648,8496,300
MAGNA BAINCO-MN2,NOS,1,300,300,300,9,27,9,27,354,300
OXIDO-LT,NOS,10,300,3000,3000,9,270,9,270,3540,300
OXIDO TREE,Nos,1,300,300,300,9,27,9,27,354,300
OLIVE BR LT,BOX,11,300,3300,3300,9,297,9,297,3894,300
OLIVE BR BRANCHES ,BOX,1,1350,1350,1350,9,121.5,9,121.5,1593,1350
OLIVE BR DK,BOX,5,300,1500,1500,9,135,9,135,1770,300
MELT MARFIL,BOX,11,325,3575,3575,9,321.75,9,321.75,4218.5,325
MELT BROWN,BOX,11,325,3575,3575,9,321.75,9,321.75,4218.5,325
MYK TILE ADHESIVE 290,NOS,12,560,6720,6720,9,604.8,9,604.8,7929.6,560
BRILLER ASH,BOX,4,630,2520,2520,9,226.8,9,226.8,2973.6,630
MEGHA GOLD,BOX,8,325,2600,2600,9,234,9,234,3068,325
ZITA V-3002 WHITE,Box,1,1305,1305,783,9,70.47,9,70.47,923.94,1305
HERICAN TUSK,NOS,1,1200,1200,1200,9,108,9,108,1416,1200
SIFON GRISS,NOS,4,625,2500,2500,9,225,9,225,2950,625
MYK TILE ADHESIVE 290,NOS,20,559.322,11186.44,11186.44,9,1006.779,9,1006.779,13200,660
COTTAGE WOOD COPPER,NOS,16,604.2373,9667.797,9667.797,9,870.1015,9,870.1015,11408,713
FF01013 WALL MIXER WITH PROVISION FOR OVERHEAD SHOWER WITH 115MM LONG BEND PIPE CONNECTING LEGS & WALL FLANGES,NOS,1,1095,1095,657,9,59.13,9,59.13,775.26,1095
FS03007 OVERHEAD SHOWER 5 FLOW WITH  RUBI CLEANING  SYSTEM ,BOX,1,750,750,450,9,40.5,9,40.5,531,750
FA07001 SHOWER ARM CASTED BRASS ECO WITH FLANGE,BOX,1,495,495,297,9,26.73,9,26.73,350.46,495
PERLA V-3006 WHITE,BOX,5,1347.458,6737.288,3705.508,9,333.4958,9,333.4958,4372.5,1590
ALDO V-V-3007 WHITE,BOX,5,1347.458,6737.288,3705.508,9,333.4958,9,333.4958,4372.5,1590
SIRRI V-3003 WHITE,BOX,10,906.7797,9067.797,4987.288,9,448.856,9,448.856,5885,1070
EWC SEAT COVER WHITE,BOX,10,508.4746,5084.746,3305.085,9,297.4576,9,297.4576,3900,600
SINGLE FLUSH TANK WHITE,BOX,10,1059.322,10593.22,6885.593,9,619.7035,9,619.7035,8125,1250
SILVA BASIN V-1505,BOX,1,1131.356,1131.356,622.2457,9,56.0021,9,56.0021,734.2499,1335
GLORIA PEDESTAL V-1525 WHITE,BOX,1,1203.39,1203.39,661.8645,9,59.5678,9,59.5678,781.0001,1420
TOSCANO,BOX,50,950.2966,47514.83,47514.83,9,4276.334,9,4276.334,56067.5,1121.35
2.5500L LONG BODY BIB COCK,NOS,7,798,5586,3742.62,9,336.835,9,336.835,4416.29,798
2.5500 BIB COCK,NOS,2,648,1296,868.32,9,78.15,9,78.15,1024.62,648
5.1100B BATH SHOWER MIXER WITH BEND PIPE,NOS,1,3990,3990,2673.3,9,240.595,9,240.595,3154.49,3990
25510 TWO WAY BIB COCK ,Nos,1,998,998,668.66,9,60.18,9,60.18,789.02,998
200.2000 HEALTH FUAUCET SET,NOS,1,798,798,534.66,9,48.12,9,48.12,630.9,798
MULTI FLOW RAINFLOW SHOWER HAS 3MF,Nos,1,2490,2490,1668.3,9,150.145,9,150.145,1968.59,2490
2.1400C SINK COCK,Nos,2,1184,2368,1586.56,9,142.79,9,142.79,1872.14,1184
2.1400DC DECK MOUNTED SINK COCK,Nos,1,1484,1484,994.28,9,89.485,9,89.485,1173.25,1484
2.1640 ANGLE VALVE,NOS,1,498,498,333.66,9,30.03,9,30.03,393.72,498
FA06002 JET SPRAY MULTI PVC 1M TUDE,BOX,1,495,495,331.65,9,29.85,9,29.85,391.35,495
2.5500L LONG BODY BIB COCK,NOS,1,798,798,534.66,9,48.12,9,48.12,630.9,798
SARO BROWN,NOS,31,1086,33666,33666,9,3029.94,9,3029.94,39725.88,1086
FA04006 WAASTE COUPLING 31MM PROJECT  FULL THREAD WITH 80MM HEIGHT,NOS,2,325,650,390,9,35.1,9,35.1,460.2,325
FA05008 PROJECT ANGLE VALVE LEVER TYPE,NOS,6,395,2370,1422,9,127.98,9,127.98,1677.96,395
FA06002 JET SPRAY MULTI PVC 1M TUDE,BOX,1,495,495,297,9,26.73,9,26.73,350.46,495
FS06002 HEALTH FAUCET ABS BODY WITH WALL HOOK AND PVC CHROME HOSE PIPE,NOS,1,675,675,405,9,36.45,9,36.45,477.9,675
2.1100BH BATH SHOWER MIXER WITH BEND PIPE,NOS,2,2992,5984,4009.28,9,360.835,9,360.835,4730.95,2992
HSH.3SF SINGLEFLOW HANDSHOWER SET,BOX,2,798,1596,1069.32,9,96.24,9,96.24,1261.8,798
5.5500 BIB COCK,NOS,2,1090,2180,1460.6,9,131.455,9,131.455,1723.51,1090
2.2500 PILLER TAP,Nos,2,998,1996,1337.32,9,120.36,9,120.36,1578.04,998
NESTER SHIFON,Nos,12,2142,25704,25704,9,2313.36,9,2313.36,30330.72,2142
HERIC GRAFITO-LT,NOS,9,490,4410,4410,9,396.9,9,396.9,5203.8,490
HERIC GRAFITO-HC,Nos,4,490,1960,1960,9,176.4,9,176.4,2312.8,490
HERIC GRAFITO-DK,NOS,3,490,1470,1470,9,132.3,9,132.3,1734.6,490
MYK TIL;E ADHESIVE 305,NOS,21,320,6720,6720,9,604.8,9,604.8,7929.6,320
LAVA V-6024 WHITE,Box,1,3050,3050,1830,9,164.7,9,164.7,2159.4,3050
KAISER LT,BOX,3,300,900,900,9,81,9,81,1062,300
BRIGG LT,BOX,5,300,1500,1500,9,135,9,135,1770,300
MYK TILE ADHESIVE 290,NOS,23,556,12788,12788,9,1150.92,9,1150.92,15089.84,556
"EWC ""S""TRAP V-951 WHITE",Box,1,1715,1715,1029,9,92.61,9,92.61,1214.22,1715
SEAT COVER ANGLO WHITE,Box,1,600,600,402,9,36.18,9,36.18,474.36,600
PERLA V-3006 WHITE,BOX,2,1590,3180,1908,9,171.72,9,171.72,2251.44,1590
BISTRO BEIGE,BOX,10,480,4800,4800,9,432,9,432,5664,480
MAGNA BAINCO-LT,NOS,53,285,15105,15105,9,1359.45,9,1359.45,17823.9,285
WALINGTON-LT,Nos,19,240,4560,4560,9,410.4,9,410.4,5380.8,240
PERLA V-3006 WHITE,BOX,1,1590,1590,954,9,85.86,9,85.86,1125.72,1590
ALDO V-V-3007 WHITE,BOX,1,1590,1590,954,9,85.86,9,85.86,1125.72,1590
WALL HUNG POLO V-9005 WHITE,Box,1,6715,6715,4029,9,362.61,9,362.61,4754.22,6715
MAGNA BAINCO-MN2,NOS,5,300,1500,1500,9,135,9,135,1770,300
MECABE,NOS,31,919.4916,28504.24,28504.24,9,2565.382,9,2565.382,33635,1085
HERICAN TUSK,NOS,19,919.4916,17470.34,17470.34,9,1572.33,9,1572.33,20615,1085
SANDSTONE BIANCO,BOX,1,4515.254,4515.254,4515.254,9,406.3729,9,406.3729,5328,5328
SANDSTONE NERO,BOX,1,4515.254,4515.254,4515.254,9,406.3729,9,406.3729,5328,5328
FLOREST WHITE,BOX,2,1016.949,2033.898,2033.898,9,183.0509,9,183.0509,2400,1200
MOLENIUS DOVE,BOX,1,1016.949,1016.949,1016.949,9,91.5254,9,91.5254,1200,1200
ARALDITE AW106 RESIN(1KG),Nos,2,573.9405,1147.881,1147.881,9,103.3093,9,103.3093,1354.5,677.25
ARALDITE HV953 HARDNER(800GM),Nos,2,379.4492,758.8983,758.8983,9,68.30085,9,68.30085,895.5,447.75
VETRA LV 40.1(20GM),NOS,50,42.5,2125,2125,9,191.25,9,191.25,2507.5,42.5
"LETIZIA ""S & P"" TRAP WHITE",Box,1,3700,3700,2220,9,199.8,9,199.8,2619.6,3700
SEAT COVER LETIZIA WHITE ,Box,1,1480,1480,888,9,79.92,9,79.92,1047.84,1480
WALL HUNG PRIDO V-9009 WHITE ,Box,1,5995,5995,3597,9,323.73,9,323.73,4244.46,5995
FA01011 METROPOLE FLUSH VALVE CONCEALD 32MM SINGLE FLUSH WITH SQUARE COVER PLATE,NOS,3,3495,10485,6291,9,566.19,9,566.19,7423.38,3495
BRILLER ASH,BOX,6,682,4092,4092,9,368.28,9,368.28,4828.56,682
SPERANZA GREY,NOS,9,590,5310,5310,9,477.9,9,477.9,6265.8,590
MAGNA BAINCO-LT,NOS,9,320,2880,2880,9,259.2,9,259.2,3398.4,320
MAGNA BAINCO-MN2,NOS,2,100,200,200,9,18,9,18,236,100
MERRANTI WOOD WENGUE,BOX,8,625,5000,5000,9,450,9,450,5900,625
VITAL-LT,NOS,17,255,4335,4335,9,390.15,9,390.15,5115.3,255
VITAL-HL2,NOS,1,255,255,255,9,22.95,9,22.95,300.9,255
GRACE DOVE,BOX,1,612,612,612,9,55.08,9,55.08,722.16,612
MYK TIL;E ADHESIVE 305,NOS,25,320,8000,8000,9,720,9,720,9440,320
MYK TILE ADHESIVE 290,NOS,15,558,8370,8370,9,753.3,9,753.3,9876.6,558
CANYON BROWN,NOS,26,515,13390,13390,9,1205.1,9,1205.1,15800.2,515
ELITE GIR-LT,NOS,20,300,6000,6000,9,540,9,540,7080,360
ELITE GIR-HL1,Nos,1,300,300,300,9,27,9,27,354,300
SIFON DOVE,BOX,8,612,4896,4896,9,440.64,9,440.64,5777.28,612
FORINTO BAINCO-LT,NOS,2,300,600,600,9,54,9,54,708,300
FEATHER WHITE(TROPICANA),NOS,30,960,28800,28800,9,2592,9,2592,33984,960
SIFON GRISS,NOS,31,612,18972,18972,9,1707.48,9,1707.48,22386.96,612
SPERANZA GREY,NOS,27,610,16470,16470,9,1482.3,9,1482.3,19434.6,610
KAISER LT,BOX,27,300,8100,8100,9,729,9,729,9558,300
KAISER KT,BOX,1,300,300,300,9,27,9,27,354,300
ARTECH GRISS,BOX,12,612,7344,7344,9,660.96,9,660.96,8665.92,612
SARDO-LT,Nos,16,255,4080,4080,9,367.2,9,367.2,4814.4,255
SARDO-HL,Nos,2,255,510,510,9,45.9,9,45.9,601.8,255
SARDO-DK,Nos,5,255,1275,1275,9,114.75,9,114.75,1504.5,255
BELTON TUST,NOS,12,670,8040,8040,9,723.6,9,723.6,9487.2,670
BEOLO TUSK,NOS,2,1060,2120,2120,9,190.8,9,190.8,2501.6,1060
SIFON BAINCO,NOS,12,612,7344,7344,9,660.96,9,660.96,8665.92,612
MERANTI WOOD COPPER ,BOX,6,625,3750,3750,9,337.5,9,337.5,4425,625
BRIGHT WHITE-644,Nos,2,82,164,164,9,14.76,9,14.76,193.52,82
SQUARE WHITE SPM,BOX,2,385,770,770,9,69.3,9,69.3,908.6,385
ALBA V-2002 WHITE,Box,1,1360,1360,748,9,67.32,9,67.32,882.64,1360
TERASTONE WHITE ,NOS,19,635,12065,12065,9,1085.85,9,1085.85,14236.7,635
TERASTONE NERO,NOS,1,635,635,635,9,57.15,9,57.15,749.3,635
SATUTURIO,Nos,1,625,625,625,9,56.25,9,56.25,737.5,625
SIRRI V-3003 WHITE,BOX,1,1070,1070,588.5,9,52.965,9,52.965,694.43,1070
BRIGG LT,BOX,23,302,6946,6946,9,625.14,9,625.14,8196.28,302
BRIGG KT,BOX,2,302,604,604,9,54.36,9,54.36,712.72,302
NIRALI GRACE PLAIN BIG 21X18,NOS,1,3707.627,3707.627,3707.627,9,333.6864,9,333.6864,4375,4375
ARALDITE ST.450GMS,Nos,1,580,580,580,9,52.2,9,52.2,684.4,580
FEATHER WHITE(TROPICANA),NOS,2,968,1936,1936,9,174.24,9,174.24,2284.48,968
SATUTURIO,Nos,1,625,625,625,9,56.25,9,56.25,737.5,625
MYK TILE ADHESIVE 290,NOS,4,550,2200,2200,9,198,9,198,2596,550
MYK TIL;E ADHESIVE 305,NOS,35,315,11025,11025,9,992.25,9,992.25,13009.5,315
MELT MARFIL,BOX,6,320,1920,1920,9,172.8,9,172.8,2265.6,320
MELT BROWN,BOX,5,320,1600,1600,9,144,9,144,1888,320
ORSINO V-3001 WHITE,Box,1,1305,1305,717.75,9,64.6,9,64.6,846.95,1305
CANYON BROWN,NOS,24,480,11520,11520,9,1036.8,9,1036.8,13593.6,480
MAGNA BAINCO-LT,NOS,1,300,300,300,9,27,9,27,354,300
TERASTONE NERO,NOS,1,380,380,380,9,34.2,9,34.2,448.4,380
MYK TIL;E ADHESIVE 305,NOS,4,355,1420,1420,9,127.8,9,127.8,1675.6,355
ARALDITE AW106 RESIN(1KG),NOS,3,573,1719,1719,9,154.71,9,154.71,2028.42,573
ARALDITE HV953 HARDNER(800GM),NOS,3,379,1137,1137,9,102.33,9,102.33,1341.66,379
SPERENZA WHITE PLUS,BOX,1,604.2373,604.2373,604.2373,9,54.38135,9,54.38135,713,713
COTTAGE WOOD COPPER,NOS,2,604.237,1208.47,1208.47,9,108.76,9,108.76,1425.99,604.237
SIFON GRISS,NOS,31,612,18972,18972,9,1707.48,9,1707.48,22386.96,612
SIFON BAINCO,NOS,30,612,18360,18360,9,1652.4,9,1652.4,21664.8,612
ARTECH BAINCO,Nos,13,612,7956,7956,9,716.04,9,716.04,9388.08,612
SPERANZA GREY,NOS,50,612,30600,30600,9,2754,9,2754,36108,612
CARIO TUST,NOS,25,612,15300,15300,0,0,0,0,18054,612
LUST WHITE,Nos,38,625,23750,23750,0,0,0,0,28025,625
SPERENZA WHITE PLUS,BOX,27,612,16524,16524,0,0,0,0,19498.32,612
COTAGE WOOD CREMA,BOX,18,625,11250,11250,9,1012.5,9,1012.5,13275,625
CANYON BROWN,NOS,45,475,21375,21375,9,1923.75,9,1923.75,25222.5,475
ORSINO V-3001 WHITE,Box,1,1305,1305,717.75,9,64.6,9,64.6,846.95,1305
MAGNA BAINCO-LT,NOS,1,300,300,300,9,27,9,27,354,300
BRIGG LT,BOX,17,300,5100,5100,9,459,9,459,6018,300
BRIGG KT,BOX,1,300,300,300,9,27,9,27,354,300
TERASTONE NERO,NOS,1,480,480,480,9,43.2,9,43.2,566.4,480
MYK TIL;E ADHESIVE 305,NOS,4,315,1260,1260,9,113.4,9,113.4,1486.8,315
MYK TILE ADHESIVE 290,NOS,8,550,4400,4400,9,396,9,396,5192,550
LAVA V-6024 WHITE,Box,1,3050,3050,1677.5,9,150.975,9,150.975,1979.45,3050
SIFON DOVE,BOX,2,624,1248,1248,9,112.32,9,112.32,1472.64,624
GIALLO PEARL,NOS,9,300,2700,2700,9,243,9,243,3186,300
OLIVE BR LT,BOX,15,300,4500,4500,9,405,9,405,5310,300
OLIVE BR BRANCHES ,BOX,1,1150,1150,1150,9,103.5,9,103.5,1357,1150
OLIVE BR DK,BOX,2,300,600,600,9,54,9,54,708,300
MYK TIL;E ADHESIVE 305,NOS,22,310,6820,6820,9,613.8,9,613.8,8047.6,310
SPERENZA WHITE PLUS,BOX,11,610,6710,6710,9,603.9,9,603.9,7917.8,610
GIALLO GRENE,NOS,7,300,2100,2100,9,189,9,189,2478,300
GIALLO PEARL,NOS,3,300,900,900,9,81,9,81,1062,300
ZENITH BEIGE,BOX,13,490,6370,6370,9,573.3,9,573.3,7516.6,490
MYK TILE ADHESIVE 290,NOS,1,555,555,555,9,49.95,9,49.95,654.9,555
LUST WHITE,Nos,1,625,625,625,9,56.25,9,56.25,737.5,625
TAB TERRO COTTA,Nos,10,300,3000,3000,9,270,9,270,3540,300
TAB OFFWHITE,Nos,5,300,1500,1500,9,135,9,135,1770,300
TARVENTHO PEARL,NOS,8,1102,8816,8816,9,793.44,9,793.44,10402.88,1102
FEATHER WHITE(TROPICANA),NOS,32,960,30720,30720,9,2764.8,9,2764.8,36249.6,960
SPERENZA WHITE PLUS,BOX,15,610,9150,9150,9,823.5,9,823.5,10797,610
SPERENZA WHITE PLUS,BOX,65,615,39975,39975,9,3597.75,9,3597.75,47170.5,615
SIFON GRISS,NOS,4,640,2560,2560,9,230.4,9,230.4,3020.8,625
SPERENZA WHITE PLUS,BOX,5,650,3250,3250,9,292.5,9,292.5,3835,625
CANYON BROWN,NOS,27,520,14040,14040,9,1263.6,9,1263.6,16567.2,520
SATUTURIO,NOS,21,690,14490,14490,9,1304.1,9,1304.1,17098.2,690
SPERENZA WHITE PLUS,BOX,58,624,36192,36192,9,3257.28,9,3257.28,42706.56,624
SPERENZA WHITE PLUS,BOX,1,635,635,635,9,57.15,9,57.15,749.3,635
TERASTONE WHITE ,NOS,35,590,20650,20650,9,1858.5,9,1858.5,24367,590
ELITE GIR-LT,NOS,45,360,16200,16200,9,1458,9,1458,19116,360
ZENITH BEIGE,BOX,17,530,9010,9010,9,810.9,9,810.9,10631.8,530
TIRIYA LT,BOX,10,375,3750,3750,9,337.5,9,337.5,4425,375
TIRIYA SPM,BOX,1,375,375,375,9,33.75,9,33.75,442.5,375
JAYLEE WHITE,BOX,14,350,4900,4900,9,441,9,441,5782,350
JAYLEE SPM,BOX,5,350,1750,1750,9,157.5,9,157.5,2065,350
OLIVE BR LT,BOX,10,350,3500,3500,9,315,9,315,4130,350
OLIVE BR HL,BOX,4,350,1400,1400,9,126,9,126,1652,350
OLIVE BR DK,BOX,2,350,700,700,9,63,9,63,826,350
GIALLO PEARL,NOS,9,300,2700,2700,9,243,9,243,3186,300
PARMA BROWN,NOS,4,300,1200,1200,9,108,9,108,1416,300
BALLOT HAYA-LT,NOS,25,360,9000,9000,9,810,9,810,10620,360
FF02009 SINK COCK,NOS,1,1125,1125,641.25,9,57.715,9,57.715,756.67,1125
FF02007 SWAN NECK ,NOS,1,1225,1225,698.25,9,62.84,9,62.84,823.93,1225
FF01003 LONG BODY BIB COCK,NOS,2,655,1310,746.7,9,67.205,9,67.205,881.11,655
FF01001 PILLAR COCK ,NOS,1,675,675,384.75,9,34.625,9,34.625,454.01,675
FF02004 ANGULAR STOP COCK ,NOS,2,595,1190,678.3,9,61.045,9,61.045,800.39,595
FS04003 RAIN SHOWER ,NOS,1,1050,1050,598.5,9,53.865,9,53.865,706.23,1050
FA07002 SHOWER ARM ,BOX,1,595,595,339.15,9,30.525,9,30.525,400.2,595
PARMA BROWN,NOS,3,315,945,945,9,85.05,9,85.05,1115.1,315
SARDO-LT,NOS,9,300,2700,2700,9,243,9,243,3186,300
SALAZAR DK,BOX,1,300,300,300,9,27,9,27,354,300
KAISER LT,BOX,5,360,1800,1800,9,162,9,162,2124,360
SIFON DOVE,BOX,1,610,610,610,9,54.9,9,54.9,719.8,610
"LETIZIA ""S & P"" TRAP WHITE",Box,1,3700,3700,2294,9,206.46,9,206.46,2706.92,3700
SEAT COVER LETIZIA WHITE ,Box,1,1480,1480,917.6,9,82.585,9,82.585,1082.77,1480
SINGLE FLUSH TANK WHITE,BOX,1,1250,1250,1250,9,112.5,9,112.5,1475,1250
GALLANA-LT,BOX,5,300,1500,1500,9,135,9,135,1770,300
TERASTONE WHITE ,NOS,2,590,1180,1180,9,106.2,9,106.2,1392.4,590
FF03013 WALL MIXER ,NOS,1,3655,3655,2193,9,197.37,9,197.37,2587.74,3655
MYK TIL;E ADHESIVE 305,NOS,10,350,3500,3500,9,315,9,315,4130,350
MEGHA GOLD,BOX,34,380,12920,12920,9,1162.8,9,1162.8,15245.6,380
CANYON BROWN,NOS,4,515,2060,2060,9,185.4,9,185.4,2430.8,515
ARTECH NERO,BOX,3,620,1860,1860,9,167.4,9,167.4,2194.8,620
DYANA IVORY,NOS,27,1190,32130,32130,9,2891.7,9,2891.7,37913.4,1190
COTAGE WOOD CREMA,BOX,10,650,6500,6500,9,585,9,585,7670,650
FEATHER WHITE(TROPICANA),NOS,32,1000,32000,32000,9,2880,9,2880,37760,1000
MYK TIL;E ADHESIVE 305,NOS,25,325,8125,8125,9,731.25,9,731.25,9587.5,325
FEATHER WHITE(TROPICANA),NOS,40,980,39200,39200,9,3528,9,3528,46256,980
MYK TIL;E ADHESIVE 305,NOS,25,320,8000,8000,9,720,9,720,9440,320
FEATHER WHITE(TROPICANA),NOS,10,972,9720,9720,9,874.8,9,874.8,11469.6,972
MYK TILE ADHESIVE 290,NOS,11,550,6050,6050,9,544.5,9,544.5,7139,550
BLACK POTRO,BOX,1,1350,1350,1350,9,121.5,9,121.5,1593,1350
WINSET GR-LT,Nos,10,300,3000,3000,9,270,9,270,3540,300
WINSELT GR-KIT,Nos,1,300,300,300,9,27,9,27,354,300
SIFON DOVE,BOX,2,612,1224,1224,9,110.16,9,110.16,1444.32,612
HERICAN TUSK,NOS,19,1120,21280,21280,9,1915.2,9,1915.2,25110.4,1120
MAGNA BAINCO-LT,NOS,18,425,7650,7650,9,688.5,9,688.5,9027,425
MAGNA BAINCO-MN2,NOS,1,425,425,425,9,38.25,9,38.25,501.5,425
MAGNA COFFEE-MN1,NOS,4,425,1700,1700,9,153,9,153,2006,425
CANYON BROWN,NOS,14,550,7700,7700,9,693,9,693,9086,550
OXIDO-LT,NOS,20,530,10600,10600,9,954,9,954,12508,530
OXIDO TREE,NOS,2,530,1060,1060,9,95.4,9,95.4,1250.8,530
OXIDO BR PYRAMID,BOX,2,530,1060,1060,9,95.4,9,95.4,1250.8,530
MELT MARFIL,BOX,7,390,2730,2730,9,245.7,9,245.7,3221.4,390
LIVANA PEARL,NOS,2,1300,2600,2600,9,234,9,234,3068,1300
SALAZAR LT,BOX,5,400,2000,2000,9,180,9,180,2360,400
SALAZAR DK,BOX,4,400,1600,1600,9,144,9,144,1888,400
BALLOT HAYA-LT,NOS,20,400,8000,8000,9,720,9,720,9440,400
BALLOT HAYA-DK,NOS,3,400,1200,1200,9,108,9,108,1416,400
PROMI-LT,BOX,12,412,4944,4944,9,444.96,9,444.96,5833.92,412
PRIMO-HL,Nos,1,420,420,420,9,37.8,9,37.8,495.6,420
PRIMO-DK,NOS,6,412,2472,2472,9,222.48,9,222.48,2916.96,412
TERASTONE LEMON ,NOS,7,625,4375,4375,9,393.75,9,393.75,5162.5,625
ARALDITE AW106 RESIN(1KG),NOS,2,573.94,1147.88,1147.88,9,103.3092,9,103.3092,1354.498,573.94
ARALDITE HV953 HARDNER(800GM),NOS,2,379.45,758.9,758.9,9,68.301,9,68.301,895.502,379.45
FF02004 ANGULAR STOP COCK ,NOS,6,595,3570,2034.9,9,183.141,9,183.141,2401.182,595
FF05026 BATH TUB SPOUT WITH WALL FLANGE ,NOS,1,1095,1095,624.15,9,56.175,9,56.175,736.5,1095
FF05027 BATH TUB SPOUT,NOS,1,1495,1495,852.15,9,76.695,9,76.695,1005.54,1495
FF03009 SINK COCK,NOS,1,1395,1395,795.15,9,71.565,9,71.565,938.28,1395
FF02005 BIB COCK 2WAY,NOS,1,1075,1075,612.75,9,55.145,9,55.145,723.04,1075
FS06002 HEALTH FAUCET,NOS,1,675,675,384.75,9,34.625,9,34.625,454.01,675
FF02003 LONG BODY BIB COCK ,NOS,1,755,755,430.35,9,38.73,9,38.73,507.81,755
FF02002 BIB COCK,NOS,1,635,635,361.95,9,32.5755,9,32.5755,427.101,635
FF02007 SWAN NECK ,NOS,2,1225,2450,1396.5,9,125.685,9,125.685,1647.87,1225
FA04006 WAASTE COUPLING,NOS,2,325,650,370.5,9,33.345,9,33.345,437.19,325
FF02003 LONG BODY BIB COCK ,NOS,2,755,1510,830.5,9,74.745,9,74.745,979.99,755
FF02004 ANGULAR STOP COCK ,NOS,2,595,1190,654.5,9,58.905,9,58.905,772.31,595
FF02005 BIB COCK 2WAY,NOS,1,1075,1075,591.25,9,53.215,9,53.215,697.67,1075
FS06002 HEALTH FAUCET,NOS,1,675,675,371.25,9,33.4125,9,33.4125,438.075,675
FF03013 WALL MIXER ,NOS,1,3655,3655,2010.25,9,180.925,9,180.925,2372.09,3655
FF01007 SWAN NECK TAP ,NOS,1,1095,1095,602.25,9,54.2,9,54.2,710.66,1095
MYK TILE ADHESIVE 290,NOS,3,550,1650,1650,9,148.5,9,148.5,1947,550
ALMOND 685(1KG),Nos,3,73,219,219,14,30.66,14,30.66,280.32,73
ASPEN WOOD CREMA,NOS,1,650,650,650,9,58.5,9,58.5,767,650
VITAL-LT,NOS,6,307,1842,1842,9,165.78,9,165.78,2173.56,307
VITAL-HL1,NOS,2,307,614,614,9,55.26,9,55.26,724.52,308
BLACK POTRO,BOX,1,1350,1350,1350,9,121.5,9,121.5,1593,1350
HERICAN TUSK,NOS,1,1100,1100,1100,9,99,9,99,1298,1100
BEOLO TUSK,NOS,11,1203,13233,13233,9,1190.97,9,1190.97,15614.94,1203
CARIO TUST,NOS,7,680,4760,4760,9,428.4,9,428.4,5616.8,680
PARMA BEIGN,NOS,6,300,1800,1800,9,162,9,162,2124,300
ZENITH BEIGE,BOX,8,590,4720,4720,9,424.8,9,424.8,5569.6,590
"ORISSA PAN23"" V-852 WHITE",BOX,8,1440.677,11525.42,6684.744,9,601.627,9,601.627,7887.998,1700
"ANGLO INDIA ""P"" TRAP V-855",BOX,8,2622.881,20983.05,12170.17,9,1095.316,9,1095.316,14360.8,3095
WALL HUNG CROME V-9018,BOX,1,4000,4000,2320,9,208.8,9,208.8,2737.6,4720
SEAT COVER ANGLO WHITE,BOX,8,584.7457,4677.966,3274.576,9,294.7118,9,294.7118,3864,690
SINGLE FLUSH TANK WHITE,BOX,8,1059.322,8474.576,5932.203,9,533.8985,9,533.8985,7000,1250
MATTEO URINAL V-2511,BOX,4,1355.9323,5423.729,3145.7627,9,283.1186,9,283.1186,3712,1600
VIOLA URINAL V-5212,BOX,12,1355.9323,16271.1865,9437.2891,9,849.356,9,849.356,11136.001,1600
ALDO V-V-3007 WHITE,BOX,1,1355.9323,1355.9323,786.4407,9,70.77965,9,70.77965,928,1600
REESE BASIN WHITE V-3012,BOX,2,1241.5254,2483.0508,1440.1694,9,129.61525,9,129.61525,1699.3999,1465
MAGNA BAINCO-LT,NOS,11,344.0678,3784.75,3784.75,9,340.63,9,340.63,4466,344.0678
MAGNA BAINCO-MN1,NOS,1,589.8305,589.8305,589.8305,9,53.08475,9,53.08475,696,696
SIFON BAINCO,NOS,6,617.3729,3704.237,3704.237,9,333.3813,9,333.3813,4371,728.5
HERICAN TUSK,NOS,19,919.4916,17470.34,17470.34,9,1572.33,9,1572.33,20615,919.4916
MYK TIL;E ADHESIVE 305,NOS,4,254.2372,1016.949,1016.949,9,91.5254,9,91.5254,1200,300
MYK TILE ADHESIVE 290,NOS,4,593.2203,2372.881,2372.881,9,213.5593,9,213.5593,2800,700
